Lintang,Bujur,Tinggi_Ort,CBA
-6.84082,107.5621,986.3,26.251
-7.15656,107.36719,1650.3,66.79278
-7.18401,107.44871,1920.8,65.39082
-7.15542,107.56177,1266.1,25.86296
-7.19264,107.61471,1545.6,19.83374
-7.1548,107.69841,1240.8,13.6136
-7.15946,107.79109,1486.3,21.8104
-7.11766,107.43542,1312.6,47.77684
-7.11191,107.47136,1176.5,40.0144
-7.11287,107.55651,872.9,26.561134
-7.10395,107.70567,868.6,13.655277
-7.12149,107.77611,1248.7,15.36563
-7.05814,107.3392,1142.3,49.70827
-7.06309,107.39948,1299.9,49.33072
-7.07511,107.47145,1051,50.39871
-7.06747,107.51514,1066.2,43.92145
-7.07231,107.56547,753.7,25.726012
-7.07327,107.60742,879.6,25.537521
-7.06098,107.65043,935.5,28.89219
-7.06946,107.70264,761.2,25.261809
-7.0744,107.74781,706.6,14.378961
-7.0799,107.79315,891.3,18.313649
-7.0634,107.84283,1094.8,30.11208
-7.01084,107.3456,1049,40.39019
-7.03555,107.48248,1133.3,51.16132
-7.02679,107.5169,743,43.242495
-7.02134,107.56534,668.6,29.227598
-7.01901,107.59687,664,36.095345
-7.02105,107.64901,674.6,34.817504
-7.02561,107.69855,668.5,27.092264
-7.02628,107.74228,667,14.820417
-7.02959,107.79257,686,20.183018
-7.0221,107.83927,813,29.152432
-7.0224,107.8769,849.4,27.894391
-6.97359,107.38166,747.1,46.060708
-6.98334,107.42916,645.4,39.685572
-6.98136,107.56289,659.9,25.416855
-6.98308,107.60514,659.8,19.599511
-6.96953,107.6314,664,19.863068
-6.98313,107.69384,661.7,31.605776
-6.97476,107.75794,663.8,11.797969
-6.97283,107.84183,804.6,36.548718
-6.96332,107.88528,1076,33.01337
-6.93421,107.47853,660.2,32.027721
-6.93746,107.52394,683,52.089662
-6.93889,107.5623,684.5,25.984441
-6.9318,107.6111,692.2,15.426155
-6.73161,107.90737,375.4,12.084756
-6.70396,107.9579,315.9,10.043419
-6.64143,107.94734,82.4,12.428719
-6.71888,107.66079,839.3,35.487981
-6.83568,107.4884,709.8,16.361959
-6.6852,107.42987,524.4,18.168495
-6.62356,107.40399,225.7,42.641807
-7.04968,107.76153,673.7,15.35462
-7.03967,107.49607,800.9,42.409403
-6.82977,107.46639,707.3,15.623441
-7.03621,107.90715,733.7,29.662332
-6.96211,107.79267,671.8,14.217912
-6.83766,107.92782,473.4,14.169479
-6.93512,107.66096,673.3,22.969125
-6.93727,107.70159,669.7,32.962631
-6.93173,107.74965,774.9,20.631903
-6.92309,107.82875,870.6,14.39283
-6.89386,107.36172,679.1,18.392848
-6.87359,107.4275,703.4,10.045079
-6.89692,107.52291,723.2,37.951117
-6.88756,107.56893,767.6,17.856543
-6.88651,107.66972,820.1,19.64349
-6.90269,107.74359,974.7,19.72679
-6.9059,107.78166,819,8.737185
-6.88867,107.84037,782.8,7.586752
-6.89064,107.89344,880.9,25.663879
-6.87969,107.9349,487.4,21.583324
-6.83169,107.36893,367.3,0.703306
-6.84338,107.47473,717.4,5.310263
-6.84489,107.51883,811.7,14.032776
-6.84711,107.62835,1023.2,32.57151
-6.82534,107.68653,1257.4,38.63479
-6.85694,107.73248,1413.8,19.59652
-6.86245,107.79526,1034.1,10.54627
-6.84057,107.83344,917.6,13.405986
-6.84248,107.89996,501,11.898014
-6.79627,107.44227,497.6,-10.909026
-6.77722,107.52406,1191,-4.15077
-6.79754,107.57482,1318.4,59.59563
-6.8083,107.65001,1170.8,33.26184
-6.78833,107.69181,1207.9,50.39972
-6.81074,107.8615,692.5,8.62253
-6.79948,107.94985,605.4,14.736514
-6.7412,107.36152,310.8,4.123254
-6.76063,107.61834,1834.6,38.21141
-6.74135,107.75452,481.1,25.62208
-6.74625,107.80119,410.7,19.71893
-6.76194,107.84175,539.6,13.270088
-6.76315,107.88722,367,9.419183
-6.73973,108.01009,353.4,11.295278
-6.70272,107.46952,674.3,10.903762
-6.69813,107.51702,782.1,7.663249
-6.67521,107.56649,680.4,13.260042
-6.70472,107.6917,589.6,34.389925
-6.70724,107.75608,410.7,15.388589
-6.70169,107.79668,296.2,5.334273
-6.71404,107.82148,427.3,9.428847
-6.66513,107.61363,643.1,26.965313
-6.66934,107.66001,515.5,27.670873
-6.66298,107.69826,493.4,25.824724
-6.66435,107.75387,442.5,-0.777272
-6.64903,107.79871,465.3,6.255253
-6.67451,107.9121,167.4,9.120918
-6.60294,107.47018,186.9,25.868935
-6.63252,107.52411,555.1,13.322785
-6.62183,107.57387,299.8,26.373626
-6.61236,107.67868,305.6,25.483833
-6.60344,107.73426,186.8,23.230101
-6.57035,107.76116,90.7,24.816445
-6.6002,107.8576,76.4,11.519963
-6.60589,107.94277,67,9.705524
-6.67298,107.47622,621.1,12.019575
-6.59024,107.42948,212.7,35.167371
-7.04935,107.76155,672.8,15.325814
-6.82647,107.61775,1256.8,31.60876
-6.75957,107.61901,1828.8,39.25505
-6.85991,107.92043,456.8,11.482403
-6.56998,107.90523,46.5,13.815444
-6.90073,107.62145,718,10.647942
-6.47334,108.2214,294.2,52.109108
-6.47244,108.2254,251,55.440804
-6.48273,108.2104,289.8,61.09042
-6.48313,108.2213,432.6,73.611321
-6.47465,108.2032,203.1,51.770085
-6.46544,108.2153,206.1,49.4367
-6.46499,108.2225,206.4,50.253042
-6.46419,108.2302,155,46.551289
-6.46393,108.2332,153.5,48.009026
-6.46409,108.2402,140.5,47.057744
-6.46316,108.2431,131.6,45.425104
-6.46211,108.2449,114.1,43.10063
-6.45599,108.2518,82.3,39.124742
-6.45431,108.2607,92.8,45.118518
-6.45513,108.2541,67.3,31.116109
-6.45257,108.2627,85.6,37.651867
-6.44262,108.2621,51.6,34.300006
-6.43364,108.2633,34.9,31.966488
-6.43041,108.2701,25.7,30.55128
-6.42072,108.274,17.7,29.391832
-6.42113,108.2811,18.1,29.51589
-6.42225,108.2822,21.1,29.489107
-6.42414,108.2815,23,29.864948
-6.43071,108.2802,26,29.958228
-6.43305,108.2754,29.7,30.365721
-6.43594,108.2754,35.1,30.811085
-6.44292,108.2743,43.6,31.935529
-6.44535,108.2731,55.7,33.634264
-6.45244,108.2725,76.4,35.992618
-6.45517,108.2646,116.1,40.483219
-6.45255,108.2759,54.7,33.456028
-6.45324,108.2844,63.9,33.738362
-6.46257,108.2644,150.5,36.226139
-6.47012,108.2657,185.8,39.088046
-6.47414,108.273,269.9,46.197054
-6.4824,108.2738,336.6,53.224417
-6.42285,108.2647,24.1,30.721972
-6.42307,108.2615,25.6,30.854759
-6.42241,108.2533,27.5,31.795228
-6.4222,108.2501,25.9,32.082687
-6.42152,108.2438,22.8,32.09961
-6.42042,108.2423,20,31.982461
-6.41528,108.2402,22,31.537429
-6.41437,108.2339,26.3,31.940568
-6.41399,108.2319,30,31.768056
-6.41425,108.2244,29.8,31.635202
-6.41349,108.2208,33.8,31.365212
-6.41093,108.2149,27.8,30.369669
-6.41473,108.2146,32.1,31.071258
-6.47554,108.2023,204.8,50.314869
-6.47387,108.2108,210.6,50.17648
-6.44589,108.2345,114.9,49.830572
-6.45249,108.2414,80.4,44.821885
-6.44478,108.223,334.1,67.559707
-6.45494,108.2101,140.7,41.165184
-6.48304,108.2259,432,67.752826
-6.47184,108.2417,210,45.716951
-6.48188,108.2426,461.4,73.609848
-6.46422,108.2525,124.9,35.11645
-6.48054,108.2519,359.1,60.917685
-6.47349,108.2554,272,49.507403
-6.48486,108.2405,515.4,81.442921
-6.48349,108.2287,511.5,79.017408
-6.44226,108.2543,43.5,35.575954
-6.46255,108.2136,189,46.872352
-6.45269,108.2511,64.6,38.511981
-6.43332,108.2557,36.5,33.007309
-6.4816,108.1932,189.6,55.189515
-6.45075,108.2149,123.6,42.204763
-6.41403,108.2424,18,30.230327
-6.41437,108.2549,22,30.631334
-6.41087,108.263,16.5,29.169089
-6.42001,108.2712,19.2,30.146411
-6.41232,108.2754,14.7,29.42243
-6.41502,108.2734,17,29.50534
-6.41245,108.2837,13.4,29.365146
-6.48288,108.2127,384.9,69.060466
-6.45435,108.2426,83.9,43.248829
-6.45406,108.2155,118.7,40.543869
-6.48304,108.2603,389.4,64.409138
-6.47452,108.2638,283,49.671044
-6.46405,108.2604,175.7,39.045429
-6.4803,108.2157,332.6,62.909166
-6.47469,108.2343,292.3,53.222592
-6.47448,108.2409,342.9,59.559045
-6.48445,108.2654,388.5,61.78436
-6.43197,108.2011,47.5,39.199434
-6.41116,108.2519,15.4,29.48419
-6.41484,108.2639,19.3,30.200799
-6.41153,108.2711,13.6,28.795882
-6.48542,108.1928,319.8,67.490214
-6.43526,108.2827,31.1,30.187173
-6.41373,108.1751,35.9,28.577009
-6.4304,108.2118,42.9,32.293851
-6.41187,108.2023,32.6,30.931819
-6.49156,108.265,457.5,71.133979
-6.46156,108.1918,105.1,41.466833
-6.41229,108.1659,29.9,27.400381
-6.41384,108.166,30.7,27.068526
-6.42136,108.2023,38.9,31.159637
-6.42124,108.1949,40.1,30.864157
-6.42111,108.1918,34.8,29.597363
-6.4236,108.1833,40.4,28.844276
-6.43038,108.1802,41,27.86218
-6.43234,108.1723,43.1,27.615212
-6.42157,108.1658,33.8,27.302495
-6.42563,108.165,39.2,27.094234
-6.43228,108.1642,41.2,26.083494
-6.42369,108.192,40.5,38.06612
-6.43484,108.1856,59.3,38.102242
-6.4412,108.1853,62.5,37.80854
-6.45098,108.1905,77.9,38.968157
-6.445,108.2031,71,34.176161
-6.44161,108.2042,58.5,32.723392
-6.43479,108.206,52.5,32.505678
-6.45276,108.2045,122.2,38.757745
-6.45485,108.2,100,35.743396
-6.45128,108.2011,79.8,34.481931
-6.46355,108.2031,138.4,43.056795
-6.46493,108.2044,153.4,42.851998
-6.47165,108.2009,158.7,49.995907
-6.47177,108.1938,139.9,47.166484
-6.47511,108.191,151.4,45.498236
-6.47237,108.1901,127.1,42.820951
-6.46592,108.1846,104.2,39.745149
-6.46282,108.1825,89.7,37.033377
-6.45428,108.1805,74.8,35.438138
-6.45172,108.1757,70.6,34.799291
-6.44547,108.1728,58.8,32.219502
-6.44224,108.1713,51.3,32.088417
-6.43542,108.1704,44.4,31.232389
-6.44014,108.1526,44.9,22.505741
-6.44207,108.1547,47.9,22.715076
-6.44579,108.1603,52,23.106683
-6.44559,108.1628,51.2,30.031489
-6.45196,108.1607,54.8,22.631595
-6.46169,108.1611,65,22.54006
-6.45293,108.1634,55.5,29.728572
-6.45552,108.17,62.1,29.582841
-6.46437,108.1613,70,22.279005
-6.47155,108.1612,79.4,22.184551
-6.47501,108.1557,98,16.181582
-6.48005,108.1621,96.5,24.081386
-6.471,108.1727,84.2,31.683566
-6.47453,108.173,103.6,32.103998
-6.48103,108.173,122.4,29.823166
-6.48488,108.1714,144.8,31.919154
-6.48337,108.1643,119.4,28.09692
-6.4813,108.1532,104.1,17.241829
-6.49262,108.2043,477.7,78.27367
-6.49475,108.1923,445.2,78.767224
-6.49551,108.1726,248.3,36.660345
-6.49201,108.1713,188.2,28.911875
-6.49209,108.1629,157.9,26.385412
-6.48115,108.1749,176.8,32.948636
-6.48277,108.1752,203.9,45.888316
-6.49086,108.1812,269.8,54.894481
-6.49472,108.1834,361.8,80.691536
-6.45258,108.2302,261.9,63.122889
-6.48167,108.2451,433.3,70.231693
-6.46495,108.1542,69.5,19.90761
-6.47257,108.2253,256.6,55.63833
-6.32847,106.07904,268.6,80.873762
-6.33297,106.12762,152.2,67.849896
-6.34196,106.17378,102.5,66.398209
-6.33654,106.20814,75.3,61.148013
-6.3347,106.30688,63.2,70.101323
-6.3257,106.34617,64.7,70.324451
-6.32892,106.39132,56,66.154128
-6.32558,106.44053,64.6,65.843883
-6.32496,106.48536,64.4,64.18308
-6.32548,106.53133,58.3,62.323955
-6.32586,106.57903,67.4,64.968578
-6.32686,106.62596,65.6,67.276803
-6.32379,106.6639,68.5,58.404202
-6.33194,106.70835,71,56.649947
-6.28446,106.08573,627.3,77.056894
-6.28654,106.12482,236.5,73.330335
-6.28382,106.17065,130.1,61.804338
-6.28153,106.21515,77.6,58.530493
-6.29055,106.27261,32.4,59.818728
-6.27129,106.31025,40.8,63.693173
-6.27745,106.34593,56.5,65.718174
-6.28622,106.39715,37.8,63.428912
-6.28101,106.44379,49.4,65.394629
-6.27947,106.48774,49.1,66.989779
-6.28257,106.53256,56.1,73.501689
-6.28155,106.57624,55,72.065089
-6.28509,106.624,54,62.946667
-6.27915,106.66871,49.9,47.376397
-6.2823,106.71099,47.6,50.075247
-6.23731,106.077,436.5,59.405191
-6.23618,106.1277,170,63.922376
-6.23618,106.16962,118.5,63.998717
-6.24152,106.20839,77.2,66.061818
-6.2394,106.25813,56,66.506695
-6.23787,106.3135,31.6,68.469235
-6.23776,106.35369,46.4,69.236184
-6.22873,106.39675,36.2,71.362744
-6.24417,106.4433,40.5,65.744251
-6.23858,106.48903,39.9,66.585445
-6.23912,106.57771,47.5,66.666705
-6.23788,106.62175,41.7,47.661131
-6.23729,106.66557,38.9,50.315765
-6.23618,106.71338,41.5,53.202704
-6.20497,106.07834,207.3,65.962328
-6.18758,106.12808,123.9,67.955696
-6.18716,106.17533,76.9,64.364528
-6.19468,106.21567,59.7,70.966837
-6.19207,106.25042,53.1,75.253147
-6.19509,106.30728,26.5,71.212068
-6.20187,106.3507,37.3,69.043897
-6.19641,106.39497,33.9,70.449975
-6.19389,106.43968,35.3,71.96232
-6.18996,106.48981,37.5,70.534351
-6.19087,106.52973,41.1,69.616695
-6.18829,106.58016,33.7,53.295182
-6.19507,106.62021,35.1,45.166565
-6.19076,106.66602,31.2,52.151172
-6.18887,106.7144,25.5,55.033206
-6.1482,106.08235,237.9,77.456573
-6.14571,106.12922,77.1,69.713951
-6.14902,106.17072,50.2,63.763746
-6.1543,106.2179,41.5,70.722702
-6.14815,106.2633,32.7,76.30335
-6.14688,106.30898,24.2,69.571248
-6.15227,106.34636,31.7,70.419497
-6.15223,106.39457,26.6,68.592348
-6.14632,106.44178,30.6,72.652428
-6.14114,106.48711,31.2,71.827153
-6.14666,106.52993,31.2,69.969518
-6.15182,106.57318,30,53.643208
-6.14631,106.61879,29.5,50.07991
-6.14659,106.6671,25.1,54.736538
-6.14421,106.71369,21.7,59.323567
-6.10097,106.09227,84.8,81.113355
-6.1,106.1272,47,73.9819
-6.10474,106.1697,34.7,66.992886
-6.09971,106.21716,25.7,67.717017
-6.10179,106.26239,26.2,69.811015
-6.10465,106.31063,28.2,67.027872
-6.10213,106.35297,22,67.560267
-6.10107,106.39503,25.1,69.888943
-6.10321,106.44619,20.6,69.521981
-6.10291,106.48582,23.4,70.732079
-6.10126,106.52363,24.5,68.830758
-6.09419,106.56783,24.8,63.975371
-6.10225,106.61252,23.1,57.972926
-6.10078,106.66746,22.9,58.37535
-6.05829,106.08115,46,81.683876
-6.05976,106.12719,23,75.2415
-6.06115,106.17438,22.3,72.070449
-6.05438,106.20743,20,68.777099
-6.06171,106.26263,19.4,68.854272
-6.06009,106.30987,21.4,71.040118
-6.0656,106.3568,20,71.288172
-6.04782,106.40224,21.5,68.948647
-6.07307,106.44195,19.5,69.308408
-6.064,106.55288,21.6,68.584372
-6.05868,106.58451,20.9,63.612421
-6.05628,106.61656,19.4,61.406039
-6.01375,106.07905,19.9,77.745216
-6.00572,106.30783,18.7,72.276302
-6.00231,106.34489,18.1,70.834855
-6.23417,106.5264,45.6,68.775509
-6.11744,106.15177,42.4,65.056099
-6.731,106.8,483.6,46.672674
-6.771,106.79,502.7,61.565103
-6.825,106.76,455.9,90.524647
-6.724,107.07,811.6,47.39113
-6.771,107.06,965,55.08295
-6.697,106.79,527.4,43.732171
-6.691,106.84,504.8,37.347513
-6.69,106.9,738.6,38.734077
-6.686,106.93,901.2,46.173619
-6.698,106.98,1330.9,77.1356
-6.643,106.53,616.6,66.213268
-6.655,106.55,613.2,82.624082
-6.632,106.67,412.7,52.747255
-6.647,106.72,563.8,50.024582
-6.644,106.76,450.9,48.038096
-6.646,106.84,422.7,51.668767
-6.644,106.8,335.1,43.48025
-6.65,106.9,600.7,47.689293
-6.582,106.5,453.2,72.488311
-6.597,106.53,299.2,69.570739
-6.595,106.57,516.8,79.250183
-6.591,106.7,241.9,56.508014
-6.587,106.74,204.1,55.5094
-6.596,106.8,255.2,52.845279
-6.587,106.84,230.4,55.971351
-6.599,106.89,437.3,66.224664
-6.564,106.99,351.8,53.144711
-6.598,107.02,463.6,55.878265
-6.581,107.08,441.7,48.620182
-6.565,106.58,214,64.480094
-6.558,106.71,175.2,53.305226
-6.557,106.75,179.7,48.838686
-6.556,106.8,192.8,48.789511
-6.538,107.03,210.2,47.694037
-6.541,107.1,275.2,46.136635
-6.524,106.63,130.7,48.077874
-6.515,106.67,131,47.776881
-6.504,106.7,123.7,47.361901
-6.505,106.76,150.2,45.565831
-6.506,106.8,148.5,43.175011
-6.499,106.83,139.4,45.857749
-6.481,106.98,116.4,39.938062
-6.509,107.04,190.3,46.294866
-6.472,107.08,92.8,36.404304
-6.484,106.47,114,73.179405
-6.456,106.5,92.9,69.477036
-6.43,106.55,89.2,69.932698
-6.461,106.64,100,62.715976
-6.485,106.68,114.2,54.319569
-6.478,106.72,119.8,48.640553
-6.46,106.79,108.8,42.487001
-6.465,106.85,122.4,41.827851
-6.448,106.99,84.2,41.68188
-6.447,107.03,63,37.322584
-6.444,107.06,59.5,32.929287
-6.406,106.68,78.5,56.428085
-6.422,106.71,95.7,54.597631
-6.408,106.93,84.8,42.500821
-6.363,106.68,67.5,50.594753
-6.371,106.7,69.1,49.98243
-6.379,106.94,73.7,45.559795
-6.503,107.13,84,43.725105
-6.869,106.77,381.7,100.685039
-6.808,107.12,535.2,54.301636
-6.677,107.03,1150.9,43.0981
-6.755,107.19,350.1,50.601829
-6.808,107.16,370.3,42.890121
-6.869,107.09,546.3,59.615937
-6.49,106.84,139.2,45.247777
-6.897,106.81,464.1,103.407585
-6.858,107.1,509,57.457687
-6.44706,106.77862,114.7,45.219311
-6.43852,106.82233,107,47.71402
-6.45048,106.86931,109.3,44.716984
-6.3956,106.7429,88.2,51.432922
-6.39924,106.77855,85.7,47.642808
-6.39376,106.81491,85.4,43.43934
-6.39975,106.86161,90,39.587327
-6.40824,106.93547,84,42.425325
-6.35409,106.77565,68.5,47.115537
-6.43898,107.07382,63.6,32.371769
-6.44306,107.12771,56.2,32.357118
-6.4321,107.19227,34.3,43.130019
-6.38028,107.03599,59.3,36.508122
-6.39916,107.1009,53.6,30.034723
-6.39142,107.13329,54.2,30.849128
-6.37194,107.182,52.8,38.641661
-6.34496,107.00593,43.7,35.864095
-6.34619,107.05393,43,31.626618
-6.34054,107.10197,35.1,32.317538
-6.35188,107.14072,33.5,36.744532
-6.33537,107.19145,24.5,34.486459
-6.29899,106.95898,35.5,37.327753
-6.30668,107.00296,29.9,30.749442
-6.30585,107.03811,30.3,29.495737
-6.30673,107.1125,29.4,32.543162
-6.30056,107.14508,28.2,33.518086
-6.32118,107.25414,14.6,34.237542
-6.25982,106.97084,17.9,32.544261
-6.26122,107.00405,18.7,29.365534
-6.2533,107.05399,13.2,29.061515
-6.25512,107.09616,12.8,31.744169
-6.26,107.13873,17.6,33.046036
-6.25998,107.18289,11.4,35.798052
-6.25255,107.23409,10.8,33.124178
-6.262,107.27217,12.2,32.525275
-6.20656,107.0034,13.8,30.663188
-6.21256,107.0465,10.8,30.699896
-6.21494,107.08916,9.7,31.688865
-6.20713,107.13917,9.4,32.435432
-6.20724,107.18828,9.3,32.471115
-6.21041,107.2215,8.8,30.397567
-6.21373,107.27229,9.8,28.125707
-6.16977,107.04573,7.5,34.722232
-6.16229,107.0936,4.5,35.217644
-6.16444,107.12893,5.5,33.388941
-6.16475,107.17657,6.9,30.975381
-6.16993,107.23172,6.4,24.283296
-6.16637,107.27668,8.5,19.546672
-6.11947,107.08432,2.5,36.677418
-6.12507,107.16316,5.2,32.090081
-6.10247,107.20724,5.3,25.879404
-6.08127,107.09136,3.2,34.87567
-6.076,107.14359,5.8,32.813757
-6.24955,107.01551,20.9,28.87218
-6.31267,107.18132,18.2,34.884927
-7.35711,112.572,18.8,-18.409127
-7.34833,112.5076,58,-19.90346
-7.34995,112.4752,47.4,-18.064357
-7.35045,112.4219,68.7,-12.592757
-7.34501,112.373,53,-6.289313
-7.3428,112.2842,80.1,1.810903
-7.34063,112.2419,75.7,5.51188
-7.2947,112.5647,8.7,-12.290703
-7.29979,112.5083,14.6,-12.960216
-7.30082,112.464,18.7,-8.090221
-7.30357,112.4166,27.7,0.520197
-7.3149,112.3837,34.3,5.751028
-7.29227,112.3282,72.8,27.128673
-7.29895,112.2894,68.8,28.531692
-7.289,112.2351,94.6,33.204962
-7.25564,112.5211,8.8,-0.870673
-7.24863,112.4731,12.6,7.386438
-7.25341,112.432,21.6,13.825224
-7.24916,112.3806,40,23.399857
-7.24679,112.3389,50.3,30.027093
-7.24348,112.2863,59.5,37.02207
-7.23464,112.5629,12.3,1.164152
-7.21275,112.5047,13.1,13.224112
-7.21042,112.4756,16.1,17.074999
-7.21465,112.4244,33.1,19.511741
-7.20517,112.3824,31,21.36825
-7.21076,112.3404,40.4,24.499901
-7.21183,112.2871,42.8,28.843889
-7.19675,112.2423,35.7,23.382315
-7.16794,112.5132,9,16.682023
-7.15986,112.4614,15.2,16.009125
-7.16533,112.4248,11.2,15.384615
-7.17728,112.3829,23.8,16.874144
-7.16974,112.3433,15.6,14.824014
-7.15847,112.2924,18.2,13.673966
-7.1619,112.2387,16.6,13.687539
-7.12403,112.6009,9.2,18.447888
-7.12086,112.5464,1.9,15.473268
-7.13434,112.4925,2.7,14.539036
-7.13214,112.4261,5.7,11.197141
-7.13486,112.3815,5,10.863641
-7.12661,112.3348,8.7,9.409681
-7.11236,112.2982,7.2,8.157929
-7.11709,112.2469,10.3,9.410381
-7.08766,112.5721,2.7,20.120672
-7.07448,112.5152,2.5,14.997296
-7.0644,112.4811,2.3,12.425699
-7.06423,112.4346,2.3,6.763587
-7.07796,112.3823,3.3,4.393333
-7.07769,112.3364,3.2,5.055532
-7.07142,112.3002,4.1,6.090532
-7.06676,112.2404,5.8,6.186557
-7.03504,112.5707,12.8,30.563683
-7.03189,112.5202,9.3,27.152871
-7.03095,112.4668,2.6,19.235856
-7.03584,112.4214,2.4,10.742233
-7.03053,112.3831,2.6,9.418857
-7.03881,112.3495,2.3,6.633483
-7.02231,112.2982,4.1,9.749353
-7.02381,112.2322,5.5,9.581525
-6.99191,112.5645,3.5,36.444021
-6.98516,112.5186,10.5,40.532612
-6.97985,112.466,11,43.490919
-6.97639,112.4319,10.2,45.096139
-6.98431,112.3774,6.5,36.389318
-6.9813,112.3403,5.7,36.145984
-6.98124,112.2956,5.5,29.668712
-6.95287,112.5563,3.1,35.945929
-6.93676,112.5113,38.1,39.468753
-6.92911,112.4692,26.6,42.845077
-6.93385,112.4371,51.7,46.644257
-6.93983,112.4094,68.2,49.899812
-6.93545,112.3367,32.9,49.189748
-6.94039,112.2992,28.7,49.274579
-6.9247,112.2359,54.7,44.457097
-6.88489,112.4516,2.3,36.418486
-6.88335,112.3911,11.9,37.835663
-6.89762,112.3408,29.8,41.048432
-6.90006,112.2949,45.5,40.090674
-6.89511,112.2412,45,38.95692
-7.03275,112.1455,8.6,16.074056
-7.11778,112.4445,3.7,9.51751
-7.16134,112.6237,34.8,13.121632
-7.19417,112.6456,4.5,9.150159
-7.16045,112.167,13.6,12.004686
-8.16965,110.76828,164.6,109.955595
-8.14253,110.60497,7.4,112.323965
-8.13273,110.65664,188.8,112.214014
-8.14937,110.70238,207.1,109.218286
-8.13771,110.74538,250.3,105.991126
-8.08428,110.48817,178.4,121.885968
-8.10198,110.51679,109.6,119.127137
-8.11422,110.56111,68.5,109.507189
-8.09562,110.61254,219.5,104.181769
-8.09796,110.66935,261.4,105.582007
-8.10917,110.75682,296.1,105.578008
-8.0308,110.36842,233.6,123.06291
-8.06397,110.4317,217.7,132.430434
-8.05249,110.48934,256.6,122.427911
-8.05187,110.53478,283.5,108.829432
-8.06365,110.57838,244,107.876222
-8.06296,110.6231,257.8,102.221372
-8.05708,110.65143,251.3,101.732415
-8.06493,110.70199,292.3,97.836674
-8.06533,110.7578,358,98.005716
-8.00887,110.30228,8.7,118.372024
-8.00392,110.34721,343.3,127.725576
-7.99981,110.3818,325.8,114.390945
-8.01548,110.41866,305.2,120.761674
-8.01448,110.46374,331.9,123.220803
-8.00593,110.5192,158.9,105.075492
-8.00253,110.56087,171.1,97.517363
-7.99994,110.60167,159.6,93.76964
-8.00072,110.65911,169.9,94.638341
-7.99779,110.69759,200,93.383257
-8.01761,110.7426,368,95.007242
-7.95207,110.18994,4.2,85.153504
-7.96901,110.25522,9.9,83.389863
-7.95656,110.30441,16.6,92.371142
-7.95193,110.39037,22.6,103.289893
-7.9783,110.43327,302.4,105.939131
-7.97663,110.47515,112.8,101.871441
-7.95757,110.52109,173.2,92.576818
-7.97125,110.56396,175,93.832929
-7.95388,110.60483,191.2,89.109138
-7.95654,110.66088,184,89.1449
-7.97535,110.76024,455.9,90.136213
-7.92295,110.1166,6.1,96.205415
-7.90288,110.15373,4.4,93.701459
-7.91744,110.19508,7.3,86.54203
-7.92827,110.25157,14.8,80.648998
-7.90028,110.29782,34.1,80.756992
-7.92607,110.34174,26,83.353796
-7.91978,110.38113,32.7,90.982205
-7.93139,110.41942,340.7,92.482647
-7.91953,110.46927,220.6,88.128841
-7.92188,110.52193,201.5,84.026193
-7.91359,110.55567,210.6,80.702834
-7.91944,110.59815,172.3,81.669015
-7.91803,110.6584,173.9,83.203934
-7.91588,110.68762,186.6,81.718687
-7.91619,110.74795,376.9,88.415698
-7.86969,110.06512,10.5,126.590131
-7.88564,110.11622,5.6,105.79893
-7.85861,110.15824,16.8,100.075744
-7.88217,110.20574,27.4,89.381499
-7.87469,110.25679,34.7,82.907841
-7.87241,110.30239,127.1,81.907729
-7.86322,110.33902,58.4,83.334246
-7.87388,110.38154,50.4,82.857787
-7.87411,110.41464,54,91.547497
-7.88259,110.45161,375.3,84.554195
-7.85772,110.51454,269.4,81.494553
-7.88047,110.57514,129.7,81.578747
-7.87133,110.60897,209,81.150799
-7.8583,110.64611,191.9,79.204979
-7.86429,110.68947,174.8,77.164808
-7.86586,110.74036,187.1,92.065807
-7.83077,110.06734,73.6,135.551268
-7.82488,110.12216,153.5,127.403655
-7.82336,110.15821,33.1,105.87379
-7.82986,110.20266,54,93.097213
-7.83207,110.25322,51.6,91.29968
-7.84065,110.29518,135.9,89.309048
-7.83703,110.33632,72.9,91.186662
-7.82292,110.39634,84.8,86.303588
-7.8291,110.43001,80.2,87.41448
-7.81505,110.48062,95,83.143504
-7.83537,110.52559,389.6,79.923736
-7.82555,110.5619,347.5,79.883999
-7.83391,110.60554,239,85.723138
-7.82441,110.67087,561,84.547207
-7.82212,110.69816,212.1,78.596713
-7.82335,110.74917,133.6,96.654684
-7.77862,110.11316,679.8,134.39969
-7.80254,110.16225,73,111.119736
-7.78226,110.21783,84.1,111.150398
-7.79929,110.24542,80.9,109.509078
-7.78301,110.29346,101.7,115.367672
-7.78717,110.33412,109.2,105.286776
-7.76915,110.43891,137.9,87.539009
-7.77131,110.48525,177.4,81.661923
-7.75218,110.12372,701.3,122.717636
-7.75313,110.20869,97.8,113.626874
-7.74568,110.24148,110.9,109.109778
-7.73754,110.29942,144.5,110.334602
-7.73416,110.34068,166.9,95.870078
-7.74446,110.38314,175.5,95.874761
-7.73638,110.421,197.4,85.167907
-7.72615,110.47027,199.1,88.705848
-7.69752,110.15029,698.5,117.900073
-8.10514,110.69028,269.7,107.514077
-7.69572,110.19634,176.5,95.940389
-7.6887,110.25709,157.6,88.740138
-7.70254,110.28825,160.2,90.820453
-7.6902,110.34153,252.7,74.653549
-7.68685,110.38883,311.2,67.404413
-7.684,110.43671,341.3,63.820536
-7.69039,110.47494,291.8,72.107657
-7.66095,110.15628,494.8,93.208908
-7.65581,110.19684,736.1,92.566863
-7.64873,110.24424,232.8,75.406477
-7.65197,110.32641,322.8,63.216774
-7.65401,110.37715,406,57.064657
-7.6555,110.43472,479.4,57.302319
-7.6476,110.46884,498,53.487167
-7.60685,110.37271,601.8,41.821599
-7.60207,110.4227,835,38.386961
-7.59862,110.46569,910.1,34.412689
-7.95615,110.35263,16.9,105.24434
-7.94104,110.15383,6.7,90.102672
-7.74213,110.15959,587.5,124.526166
-7.91722,110.0838,4.2,102.330364
-6.87485,110.20359,2.1,-13.653549
-6.90691,110.20652,1.4,-14.099894
-6.93843,110.2134,2.7,-15.578513
-6.96619,110.21714,5.3,-17.182671
-7.01133,110.22891,63.2,-22.617866
-7.08211,110.21152,319.8,-28.264344
-6.93999,110.25288,1.3,-14.828815
-6.98302,110.25308,40.8,-17.420837
-7.04585,110.2641,238,-27.924698
-7.09077,110.27205,274.3,-20.019279
-7.12819,110.28006,377.6,-22.540541
-7.16347,110.25365,596.6,-22.830225
-6.97224,110.29743,5.9,-12.814873
-7.00211,110.29657,144.4,-19.87871
-7.0392,110.29859,230,-26.664304
-7.0771,110.30852,253.2,-17.699118
-7.12605,110.3028,435.3,-12.739794
-7.18051,110.29092,582.7,33.529386
-7.21313,110.31311,929,1.94696
-6.98405,110.34413,14.7,-11.166346
-7.04154,110.33777,213.7,-22.895186
-7.06845,110.36466,253.8,-1.08615
-7.09885,110.34883,350.5,11.545583
-7.12993,110.33942,494,-6.599349
-7.21573,110.34617,1124.6,5.79499
-7.24733,110.35326,886.9,0.873891
-6.97951,110.39289,2,-8.00095
-7.04696,110.39424,191.3,-1.088923
-7.07901,110.38753,287.6,0.783981
-7.12561,110.39175,400.1,-17.554373
-7.16065,110.39364,446.5,-16.59185
-7.21261,110.39075,737.2,8.72049
-7.2606,110.39987,496.7,17.005632
-6.98305,110.44699,2.4,-7.449644
-7.03273,110.4241,123.4,3.401202
-7.0728,110.42797,209.3,5.949489
-7.13337,110.44921,314,1.478575
-7.16857,110.44036,463.8,-3.125714
-7.22371,110.43062,530.4,6.842594
-7.26127,110.43784,473,10.484409
-6.96367,110.46929,1.2,-7.034709
-6.9835,110.4772,4.4,-7.162669
-7.03772,110.48963,23.2,-5.658852
-7.07114,110.46749,42.2,4.48511
-7.10207,110.47735,252,6.951932
-7.18498,110.49097,283.6,-1.902619
-7.22831,110.50239,295.7,-0.061079
-7.26487,110.46962,483.3,2.807293
-6.98997,110.5274,4.2,-6.619139
-7.02397,110.5295,14,-3.021978
-7.07079,110.53576,23,-0.750909
-7.21269,110.52332,196.9,-2.568947
-7.26065,110.51814,367,-6.101876
-6.89017,110.5558,0.7,-6.415818
-6.92257,110.57754,1.5,-5.692265
-6.99145,110.56613,4,-73.992677
-7.0339,110.57177,10.1,2.506025
-7.1096,110.55627,36.4,-1.486915
-7.21622,110.58331,148.9,-8.516996
-7.25858,110.56319,263.1,-14.093194
-6.7305,110.6058,1,9.958298
-6.75416,110.60008,1.5,9.539579
-6.79313,110.61571,2,9.666831
-6.85482,110.60032,1.5,4.338299
-6.94224,110.61265,2.9,-4.758789
-6.97225,110.61485,4.6,-3.311194
-7.02507,110.61913,7.1,6.944753
-7.06984,110.62057,10.2,-9.616
-7.1585,110.63347,36.2,-4.04056
-7.26353,110.59637,188.2,-17.906706
-6.78768,110.6536,2.7,10.942669
-6.84521,110.64259,1.8,20.792769
-6.94567,110.66226,-0.9,6.096996
-7.02701,110.66548,8.2,15.405098
-7.05811,110.66871,10,21.744787
-6.79465,110.69819,3.2,9.350304
-6.85633,110.70502,3.1,13.669569
-6.8966,110.69379,4.1,8.05169
-6.95884,110.70164,5.1,10.773241
-6.99779,110.69716,7.8,21.903513
-7.02257,110.70031,9.2,21.766152
-7.07548,110.70534,14.5,23.973207
-7.10347,110.6961,16.9,17.068389
-6.77267,110.7247,4.2,16.04286
-6.84296,110.75201,4.1,14.145166
-6.92991,110.75075,5.8,13.69377
-7.00318,110.74472,10,33.154846
-7.0332,110.73368,10.1,27.929823
-7.06935,110.75117,11.2,25.972809
-7.16971,110.76461,52.9,-10.04527
-6.85048,110.80375,4.1,13.865029
-6.88989,110.79672,6.2,11.937755
-6.95646,110.77996,9,16.997307
-7.01125,110.8097,16.8,40.823742
-7.06204,110.80439,15.1,27.258301
-7.1223,110.79146,29.1,8.057034
-7.04936,110.4395,198.8,3.035854
-7.04837,110.44247,186.8,-1.514218
-7.13445,110.41981,308.4,-1.806497
-7.25759,110.41916,488.5,13.582259
-6.98779,110.41721,5.8,-7.297514
-6.89472,110.63838,3.2,6.966166
-6.236,106.83431,41,54.865413
-6.85025,106.7644,409.4,104.838675
-6.83779,106.6583,656.8,95.092611
-6.76369,106.6601,1148.5,75.78224
-6.19294,106.97156,38,48.86875
-6.11311,106.68983,27.9,49.619953
-6.10375,106.7905,37.1,69.776904
-6.10364,106.80017,32.8,68.148229
-6.09472,106.79094,34.7,66.791258
-6.12217,106.79822,20.8,65.241332
-6.13125,106.68869,48,54.588604
-6.13081,106.81639,8.3,60.897464
-6.13069,106.82531,43.4,72.517368
-6.1405,106.69892,17.1,45.275597
-6.14061,106.70778,15.9,45.820426
-6.14008,106.717,16.1,48.333839
-6.14017,106.73506,18,55.760614
-6.13961,106.81633,35.1,69.556714
-6.14928,106.68953,2.8,47.885909
-6.14919,106.69972,6.3,50.364578
-6.14939,106.70797,2.7,50.539458
-6.14978,106.717,38.4,64.352982
-6.14908,106.74414,16.9,60.528446
-6.14917,106.75358,28.3,64.270623
-6.14836,106.76222,16.8,61.102716
-6.14903,106.77119,2.7,56.843097
-6.14928,106.78028,41.9,70.283202
-6.14931,106.78931,15.9,62.472003
-6.14894,106.79833,15,62.499979
-6.14894,106.80744,17.2,62.793872
-6.14889,106.82544,31.8,68.382667
-6.15844,106.69914,15.4,53.534949
-6.15828,106.70806,10,53.493019
-6.15744,106.71711,30,59.940799
-6.15814,106.73517,28.9,62.815465
-6.158,106.75319,14.9,59.476439
-6.15847,106.77128,17.9,61.466477
-6.15806,106.78042,47.9,71.847829
-6.15797,106.78928,21.8,63.867347
-6.158,106.79872,64.2,76.738084
-6.15794,106.80817,19.4,62.960552
-6.15878,106.81647,21.4,64.10972
-6.15775,106.82547,47.1,72.645883
-6.16678,106.69903,60.2,66.371997
-6.16733,106.71711,63.8,69.441358
-6.16711,106.72725,9,53.322731
-6.16703,106.73517,5.1,52.494222
-6.16717,106.77936,12.9,59.264848
-6.16692,106.78939,9.8,57.894318
-6.16697,106.79842,7.5,58.257451
-6.16697,106.80828,12.5,59.769587
-6.16692,106.82553,13.7,59.719717
-6.17633,106.70819,36.5,58.789537
-6.17633,106.71717,13.5,51.709042
-6.17625,106.73522,14.5,54.914259
-6.17642,106.74422,39.1,63.51805
-6.17656,106.75269,41.8,65.296483
-6.17631,106.76211,8.1,54.513058
-6.17658,106.77133,39.9,66.452207
-6.17614,106.77994,44.1,68.389646
-6.17594,106.79839,45,68.415555
-6.176,106.80767,49.1,69.729531
-6.17553,106.8165,36.8,66.303577
-6.176,106.82569,36.6,66.267286
-6.18469,106.70806,68,67.523272
-6.18586,106.71717,21.2,53.846298
-6.18581,106.72639,39.9,59.634154
-6.18481,106.73528,17.9,57.296108
-6.18569,106.74378,33.2,60.04535
-6.18511,106.75328,24.8,58.471846
-6.185,106.77144,21.2,58.301192
-6.18503,106.78944,20.9,59.618499
-6.18506,106.80736,33.5,62.551716
-6.18503,106.81647,26.9,61.694785
-6.18472,106.83458,41.8,67.663111
-6.19442,106.73544,40.3,60.025002
-6.19433,106.74394,28.6,56.850764
-6.19428,106.75367,35.9,60.261631
-6.19428,106.76325,23.1,56.093894
-6.19392,106.77147,20.4,56.53054
-6.19367,106.78047,11.2,53.456989
-6.19414,106.79736,30,61.188354
-6.19453,106.80756,38.4,64.089174
-6.19403,106.81658,22.7,59.482603
-6.19408,106.82561,34.3,63.354129
-6.194,106.83456,21.3,59.869508
-6.20375,106.72758,10.5,46.389188
-6.20336,106.74431,12.2,48.927279
-6.20356,106.75339,13.1,47.572689
-6.20358,106.76253,11.6,48.887209
-6.20331,106.77142,12.1,47.560062
-6.20236,106.78044,16.4,52.666493
-6.20319,106.78969,17.5,55.027713
-6.2025,106.79836,14.9,53.061789
-6.20314,106.83475,24.4,57.164554
-6.21231,106.74461,12.3,48.320953
-6.21275,106.75342,11.9,47.281376
-6.21228,106.76233,15,45.472977
-6.21228,106.77169,13.7,48.211527
-6.2125,106.78978,18.2,53.12066
-6.21208,106.83469,3,48.073335
-6.2215,106.73542,9,37.26876
-6.22106,106.74361,7.7,39.558512
-6.22142,106.75317,15.9,42.364372
-6.22147,106.7715,12.8,38.712123
-6.22133,106.78061,3.9,37.406316
-6.22117,106.79819,14.4,43.229188
-6.22197,106.80872,0.9,39.01644
-6.22119,106.81664,18.1,47.743815
-6.23061,106.73561,17.4,40.573312
-6.23061,106.74439,7.8,34.540437
-6.23036,106.77189,18,40.801213
-6.23033,106.78958,11.5,41.220276
-6.23033,106.79875,25.2,45.054009
-6.23031,106.80767,7.5,41.12492
-6.23006,106.81678,14.7,43.644363
-6.23056,106.82575,14.8,44.551446
-6.23947,106.75247,14.6,35.328423
-6.24,106.76261,10.8,34.790248
-6.23942,106.77203,17.2,37.687992
-6.23939,106.80769,8.4,40.468093
-6.23886,106.81672,10.8,42.861397
-6.23925,106.82578,10.9,42.695742
-6.24858,106.75353,10.8,35.113613
-6.24844,106.76311,16.8,35.823566
-6.24853,106.77158,15.9,38.288634
-6.24853,106.78047,8.4,37.093444
-6.24828,106.79014,14.8,38.597835
-6.24825,106.79869,15.4,35.578865
-6.24853,106.81678,11.9,38.306003
-6.12094,106.93281,28,55.924326
-6.13283,106.90769,25,59.422532
-6.14081,106.89547,33,61.742231
-6.14997,106.83419,21,61.56822
-6.14925,106.85261,38,64.784694
-6.14875,106.8705,35,63.061167
-6.14878,106.88883,41,64.142698
-6.14825,106.92436,28,48.978202
-6.14925,106.94069,20,48.993558
-6.15053,106.98036,19,47.085183
-6.15764,106.84328,24,59.8214
-6.15689,106.86117,20,58.365112
-6.15675,106.88303,28,59.034713
-6.156,106.89536,22,37.043306
-6.14831,106.95464,29,47.517233
-6.15581,106.93997,46,59.856288
-6.1565,106.96178,38,56.535033
-6.15847,106.9785,29,45.090059
-6.16658,106.93378,28,61.821156
-6.16697,106.85253,14,56.845226
-6.16783,106.87072,27,61.88485
-6.16769,106.88903,35,58.783158
-6.16019,106.93,26,47.482707
-6.16664,106.94253,21,47.29931
-6.1895,106.84006,39,67.755926
-6.17394,106.85164,27,64.265475
-6.17614,106.8615,25,62.738356
-6.17619,106.87078,31,63.400182
-6.17594,106.88036,17,55.663175
-6.17242,106.89803,22,54.638262
-6.17567,106.91525,44,57.60098
-6.17433,106.93461,20,43.214398
-6.17514,106.94208,23,50.952676
-6.17142,106.95169,30,50.725366
-6.18547,106.84319,38,60.388035
-6.18506,106.85314,23,61.841621
-6.18494,106.86239,22,60.851786
-6.18564,106.87111,45,66.778576
-6.18461,106.87942,35,62.880417
-6.18483,106.88894,19,55.702884
-6.18436,106.89844,22,54.093216
-6.18483,106.90739,27,53.959909
-6.18408,106.92592,21,48.675453
-6.18431,106.94411,28,47.2124
-6.18322,106.9515,32,51.093415
-6.18372,106.96172,32,49.031413
-6.18483,106.97175,36,49.278574
-6.18542,106.97872,30,46.248883
-6.19297,106.85422,40,66.048087
-6.19272,106.8805,37,61.425592
-6.18953,106.89125,23,43.157466
-6.19364,106.89772,25,55.711924
-6.19419,106.90717,26,54.190626
-6.19325,106.9175,22,51.102569
-6.19192,106.93461,22,42.673466
-6.19392,106.95183,22,43.896588
-6.20269,106.84325,33,57.796831
-6.20125,106.86167,32,63.216478
-6.20294,106.8775,21,57.422928
-6.20283,106.89792,25,56.401746
-6.20378,106.90683,35,58.005969
-6.20289,106.925,37,54.092082
-6.20228,106.92606,33,47.841745
-6.20194,106.95244,29,45.347674
-6.20228,106.96044,33,37.662534
-6.20417,106.97942,41,37.705414
-6.21425,106.84306,34,40.34378
-6.212,106.87492,33,62.907375
-6.20839,106.89061,33,60.720089
-6.21208,106.89781,44,63.297025
-6.21153,106.91528,12,48.486031
-6.21172,106.93444,41,49.166081
-6.21164,106.95042,25,37.822735
-6.20919,106.97078,38,37.994338
-6.22261,106.83736,36,55.589658
-6.22006,106.85103,35,56.6983
-6.22056,106.87078,26,58.742908
-6.22,106.88867,35,63.864477
-6.22086,106.89831,40,64.125902
-6.22108,106.90761,35,60.571796
-6.22067,106.92481,37,56.76592
-6.22097,106.94311,39,50.937055
-6.22086,106.95192,28,44.646114
-6.21889,106.96147,30,37.49401
-6.22989,106.83514,43,62.620997
-6.23028,106.84383,38,59.754525
-6.22956,106.85311,36,62.543618
-6.23161,106.88822,35,64.510419
-6.23058,106.89767,47,66.923683
-6.23058,106.91697,33,57.668097
-6.23033,106.93358,38,49.260061
-6.22858,106.95289,61,49.298802
-6.23831,106.83544,40,56.417845
-6.23914,106.85258,39,57.451331
-6.23872,106.87078,26,50.775767
-6.23928,106.88967,35,58.511787
-6.23933,106.89767,58,71.443605
-6.239,106.90747,41,59.139713
-6.23889,106.92581,33,52.489433
-6.23878,106.94278,31,40.967006
-6.18533,106.76236,34.5,54.798358
-6.2485,106.83483,15,42.390838
-6.24822,106.84386,14.7,39.579424
-6.24819,106.85292,8,40.763218
-6.24761,106.86247,10.6,44.849062
-6.24811,106.87097,8.1,46.123339
-6.24789,106.90728,7.9,42.165018
-6.24814,106.91611,6.3,39.990789
-6.24803,106.92517,11.1,39.375885
-6.24794,106.93414,10.7,35.896328
-6.24778,106.94325,9.1,29.857155
-6.24789,106.95222,11.9,29.012498
-6.25758,106.75356,32.1,41.73985
-6.25681,106.76992,12.3,33.977708
-6.25772,106.78186,8.2,31.134093
-6.2575,106.78972,11,33.968679
-6.25822,106.82533,2.9,35.900601
-6.25728,106.84389,18.8,39.355943
-6.25758,106.85397,12.9,40.692097
-6.25719,106.862,21.7,47.562896
-6.26661,106.75353,17.4,35.055879
-6.26631,106.76428,26.5,35.002949
-6.26639,106.81594,31.3,41.868975
-6.26558,106.82581,24.4,40.988796
-6.26633,106.83481,37.4,45.836703
-6.26539,106.84406,23.9,39.875844
-6.26628,106.853,40.1,50.101915
-6.26628,106.862,5.4,38.401708
-6.26381,106.88703,4,42.166648
-6.26611,106.90719,18.3,43.571427
-6.26603,106.91622,0.9,36.698693
-6.26594,106.92536,25.2,44.727534
-6.27564,106.76272,5.3,28.050464
-6.27564,106.78072,16.9,32.173584
-6.27547,106.79881,22.3,33.398802
-6.27456,106.84642,20.9,36.772922
-6.27539,106.853,3.2,34.774346
-6.27528,106.86206,16.4,38.470262
-6.27411,106.87881,2.4,37.999664
-6.27511,106.91625,12.9,39.198
-6.28478,106.77175,9.9,28.735717
-6.28464,106.78031,4.2,26.275244
-6.28447,106.80714,5.4,28.162826
-6.28361,106.81808,6.7,28.107152
-6.28442,106.84419,10.9,31.841893
-6.28439,106.85306,13.5,34.66467
-6.28397,106.86058,13.5,34.947719
-6.28431,106.87119,12.8,35.195204
-6.28417,106.90722,11.9,39.801085
-6.28419,106.91619,10.7,36.723971
-6.2935,106.772,2.1,25.593865
-6.29322,106.79869,2.5,28.265673
-6.29258,106.80742,6.7,28.365211
-6.29353,106.81692,4.2,26.734665
-6.29403,106.82522,4.7,28.507788
-6.29347,106.835,8,28.592547
-6.29339,106.86214,1,29.225578
-6.29328,106.87119,13.8,33.527187
-6.29342,106.88019,7.6,33.983289
-6.29328,106.88919,9.2,35.331447
-6.29322,106.89833,8.1,33.937921
-6.29322,106.90742,8,34.921856
-6.29314,106.91631,13.4,35.287953
-6.3035,106.78956,16,34.329112
-6.30347,106.80742,54,52.168828
-6.30239,106.84417,57,49.454612
-6.3025,106.86311,68,59.929094
-6.30253,106.88014,72,59.865893
-6.30239,106.91669,67,62.319475
-6.31264,106.78139,92,61.673743
-6.31097,106.79864,59,47.040532
-6.31022,106.85286,54,49.47762
-6.31131,106.87058,74,57.456938
-6.31111,106.88953,66,52.943459
-6.3115,106.90719,54,51.788747
-6.31208,106.92583,63,55.317414
-6.32025,106.86267,64,52.819912
-6.319,106.87978,69,55.012933
-6.32039,106.89789,63,51.939668
-6.31961,106.9165,56,50.470772
-6.33008,106.79908,78,54.979931
-6.33014,106.86875,75,51.837582
-6.32939,106.88894,75,51.345863
-6.32972,106.9065,61,50.255226
-6.33,106.926,67,49.898183
-6.33839,106.88006,74,49.189133
-6.33856,106.89844,81,53.749858
-6.34044,106.91714,82,57.153907
-6.34872,106.83489,77,51.486184
-6.34722,106.87167,73,48.218216
-6.34761,106.89006,82,50.421718
-6.34747,106.90808,86,54.592704
-6.34692,106.92589,83,51.811286
-6.35769,106.80858,87,52.955209
-6.36028,106.82308,83,47.186537
-6.35608,106.84456,80,47.966238
-6.35742,106.86061,13,22.885879
-6.35678,106.8805,85,46.590928
-6.35494,106.89836,77,49.460368
-6.35622,106.91606,72,52.057871
-6.36525,106.88942,96,53.577473
-6.36508,106.90753,10,23.610378
-6.32025,106.79067,76,55.851698
-6.32031,106.80856,72,56.810958
-6.3115,106.81697,66,52.754963
-6.30258,106.82636,58,52.105076
-6.3115,106.83619,92,64.703004
-6.32033,106.82628,73,52.810887
-6.32992,106.81611,75,57.266413
-6.33836,106.80769,74,52.579835
-6.34772,106.799,88,59.418823
-6.34722,106.81697,89,57.536006
-6.33847,106.82661,90,59.107191
-6.32953,106.83519,78,55.531304
-6.34803,106.85406,72,48.410498
-6.33794,106.86219,73,47.394475
-6.32922,106.85306,74,51.443074
-6.33914,106.84417,81,49.891257
-6.318,106.85317,61,52.905272
-6.30236,106.90728,53,56.395447
-6.30283,106.89747,50,48.134502
-6.1845,106.91558,31,53.843419
-6.146,106.90619,16,55.455915
-6.15289,106.90619,28,51.729366
-6.11106,106.79661,23.4,65.938732
-6.11256,106.80494,26.5,67.039645
-6.09664,106.79964,26.9,66.027504
-6.12072,106.68731,21.9,46.878949
-6.12153,106.77214,15.5,63.331677
-6.12094,106.80881,15.7,33.298704
-6.12253,106.81639,27.4,66.760302
-6.1225,106.82447,24.9,65.758101
-6.12978,106.69811,29.6,49.743518
-6.13267,106.80014,24.8,65.895094
-6.12872,106.80647,13.7,45.499107
-6.13914,106.69156,23.9,46.401926
-6.13964,106.72694,11,47.221842
-6.14136,106.74322,34.1,60.600305
-6.13942,106.79717,9.8,61.202118
-6.13869,106.80678,22.5,65.32272
-6.14031,106.82547,31.4,68.240186
-6.14919,106.72608,7.1,54.169053
-6.14931,106.73336,21.4,55.443634
-6.15025,106.81469,18.1,46.530041
-6.15853,106.68992,11.4,51.334424
-6.15756,106.72694,34.3,62.086273
-6.15856,106.74536,17.8,59.35341
-6.16772,106.69108,53.9,63.379144
-6.16781,106.70758,39.7,60.601655
-6.16611,106.74547,41.4,65.936596
-6.16647,106.753,7.1,56.069474
-6.16669,106.76133,9.4,56.367182
-6.16958,106.76936,32.3,63.282351
-6.24003,106.78078,15,38.008916
-6.16456,106.81489,24.4,48.278102
-6.17653,106.72431,38,60.618707
-6.17769,106.78703,32.2,64.227669
-6.18422,106.78289,22.3,60.606695
-6.18722,106.7975,28.2,62.072194
-6.18389,106.82481,28.3,54.626421
-6.19361,106.72711,10.5,48.25978
-6.19444,106.78756,31.6,61.656863
-6.20336,106.73606,9.4,46.549298
-6.20222,106.80625,6.7,50.675926
-6.20178,106.81597,16.1,56.38497
-6.20369,106.82497,12.1,51.193505
-6.21308,106.7275,14.2,45.853785
-6.21239,106.73425,14.8,45.814828
-6.21328,106.78008,15.5,47.926787
-6.2125,106.79742,13.5,50.374686
-6.2115,106.80619,9.9,49.46465
-6.21267,106.81797,10.1,49.055751
-6.21219,106.82714,18.2,55.58079
-6.21967,106.726,13.1,38.119933
-6.22114,106.76111,16.1,41.980177
-6.22261,106.78947,9.6,41.460353
-6.21894,106.8255,17,51.817516
-6.22878,106.75492,14.3,40.920183
-6.23006,106.76061,15,38.69232
-6.22883,106.77847,9.3,36.248819
-6.24058,106.78756,12.3,38.718047
-6.23994,106.79756,11.1,37.958117
-6.24886,106.80764,17.9,41.446177
-6.12364,106.68006,30.9,59.502258
-6.24942,106.88011,10.1,46.881359
-6.25739,106.76064,21.1,36.02191
-6.25803,106.79744,9.5,32.343435
-6.25622,106.80825,14.6,37.491596
-6.25739,106.81583,15.9,36.601379
-6.25894,106.83458,30.7,44.480013
-6.25783,106.87011,10.9,44.617223
-6.25739,106.88158,14.5,47.142237
-6.26544,106.77339,29.4,36.639194
-6.26642,106.78219,16.6,33.568898
-6.26519,106.78975,20.7,33.690658
-6.26681,106.79725,37.1,40.04944
-6.26494,106.80858,22.7,37.025983
-6.26492,106.87217,16.9,42.646029
-6.26642,106.88092,8.7,43.015759
-6.27514,106.77333,11.8,31.197278
-6.27564,106.78803,3.4,28.610631
-6.27433,106.80883,2.7,28.941937
-6.27614,106.81833,11.9,31.564853
-6.27642,106.82653,9.1,32.057137
-6.27397,106.83422,12.8,35.978989
-6.27294,106.86964,4.1,35.830542
-6.28456,106.76083,10.1,27.481497
-6.28472,106.78856,7.7,29.748952
-6.28242,106.80039,0.9,25.875181
-6.28619,106.82689,6.1,30.862148
-6.28572,106.83531,18.5,35.327064
-6.28353,106.879,15.9,37.714541
-6.29142,106.78231,6.8,26.808633
-6.29253,106.78956,9,27.72998
-6.29414,106.84433,10.2,29.216532
-6.29333,106.85442,12.2,34.070708
-6.30094,106.77392,19.4,28.660049
-6.11114,106.13234,35.795,63.113193
-5.96878,106.05223,22.395,74.102088
-5.97002,106.01307,19.535,60.489498
-5.93489,106.0089,7.356,59.246024
-5.90175,106.03073,15.433,66.542971
-5.89364,106.05495,11.588,65.826295
-5.91475,106.09144,16.615,69.631734
-6.01112,106.0495,9.221,68.478682
-6.06443,106.03505,76.857,65.697603
-6.09621,105.99345,161.986,63.140869
-6.05833,105.99052,104.046,69.452006
-6.06612,105.90181,2.05,64.438376
-6.0565,105.94642,49.182,65.877097
-6.02841,105.96513,5.628,61.812989
-6.01922,105.99663,15.498,59.308267
-6.11166,106.0542,103.193,67.199349
-6.14485,106.02623,276.031,63.222579
-6.19255,106.0638,166.234,62.886269
-6.22827,106.03469,334.462,52.948461
-6.25645,106.00502,430.369,58.363208
-6.28579,105.99972,465.51,61.836149
-6.32034,105.99399,394.145,71.589304
-6.32962,106.03704,282.509,77.435335
-6.13244,105.98592,329.563,66.474852
-6.09595,105.95009,248.364,62.800523
-6.0902,105.91167,15.519,66.437
-6.11003,105.88388,9.411,61.263201
-6.1881,105.90153,146.659,57.609953
-6.22166,105.94416,114.077,61.741954
-6.20738,105.98922,113.868,54.999399
-6.37574,106.03372,146.876,69.996786
-6.37221,106.07563,127.354,70.103831
-6.37224,106.12158,96.004,70.127732
-6.37289,106.1749,34.674,59.209574
-6.37253,106.22455,40.776,54.647091
-6.19305,105.94034,89.114,52.240835
-6.14967,105.89357,86.805,59.230665
-6.14682,105.85849,3.415,59.14741
-6.19431,105.84795,35.161,59.366833
-6.22601,105.83362,15.47,68.181021
-6.32786,105.83914,10.901,72.052164
-6.28352,105.82791,1.396,79.375132
-6.33077,105.941,244.927,68.122117
-6.32563,105.89846,168.351,70.436651
-6.36827,105.85546,25.599,67.076762
-6.37812,105.9008,92.538,65.862123
-5.93781,106.04604,231.627,70.661839
-5.96589,106.09535,1.14,80.164357
-6.28549,106.11843,242.17,67.433162
-6.40236,105.99155,120.573,62.972344
-6.36152,105.82518,2.119,69.749825
-6.46887,105.81573,-1.255,74.09382
-6.52402,105.74105,0.881,88.792852
-6.49857,105.6583,1.581,105.375724
-6.56415,105.70112,58.243,99.817291
-6.60076,105.71345,22.542,105.424842
-6.56102,105.76058,13.529,91.1936
-6.58704,105.76614,48.346,92.191112
-6.55796,105.80269,5.149,90.5105
-6.59312,105.81014,47.032,95.790401
-6.56342,105.85513,7.983,87.579439
-6.60535,105.86195,14.044,97.129541
-6.51192,105.81279,0.671,82.643527
-6.37929,105.94296,109.008,62.564568
-6.41295,105.88523,43.894,65.058957
-6.42327,105.84966,2.342,67.83134
-6.46688,105.85236,1.15,71.810866
-6.50299,105.85454,9.953,75.845517
-6.61528,105.90443,9.329,90.728482
-6.59146,105.94384,40.299,79.854537
-6.50862,105.98784,42.633,69.298753
-6.45465,105.99054,92.525,60.652551
-6.37723,105.98622,303.024,62.531648
-6.42335,105.98792,89.668,60.905426
-6.41654,105.94918,86.024,60.97261
-6.46645,105.93083,4.428,64.028925
-6.45666,105.89404,6.457,67.510524
-6.49351,105.89918,22.649,71.154386
-6.50909,105.93855,13.039,68.465746
-6.5539,106.00266,38.436,83.990596
-6.5466,105.94455,46.557,72.615576
-6.54279,105.90652,19.629,76.105012
-6.5591,106.04576,206.151,98.811921
-6.51417,106.03889,73.623,76.225089
-6.508,106.08493,112.733,71.986178
-6.46343,106.12024,38.155,68.25663
-6.36989,106.31342,70.083,61.415894
-6.40302,106.31259,95.782,60.019999
-6.37313,106.34944,58.969,62.616071
-6.37124,106.40689,64.389,62.791964
-6.41304,106.39669,85.001,59.61157
-6.45746,106.40105,85.605,68.90226
-6.50759,106.39214,145.817,82.828806
-6.5021,106.3345,144.803,86.491459
-6.45598,106.33809,102.216,70.900434
-6.40519,106.34212,84.756,60.784009
-6.37495,106.25778,43.892,56.487705
-6.40819,106.24461,47.198,55.94933
-6.40444,106.21666,69.073,57.618914
-6.43977,106.18556,76.857,59.917766
-6.49981,106.13488,99.148,67.341815
-6.46746,106.06611,76.776,66.609633
-6.42232,106.13602,55.134,61.742282
-6.40499,106.17641,41.561,59.242199
-6.42074,106.08726,99.319,66.189132
-6.42379,106.0464,111.365,62.202445
-6.45972,106.03607,90,63.630617
-6.50648,106.17557,89.687,65.387656
-6.5187,106.21052,126.84,68.609166
-6.46767,106.21225,31.145,63.009831
-7.7264,109.0229,3.1,101.209564
-7.655,109.1526,4.1,71.993621
-7.5297,109.0971,26.4,46.661737
-7.5837,109.0141,16.7,50.647991
-7.6181,109.02,16.1,56.32989
-7.5927,109.2643,5,73.341156
-7.5945,109.3173,13.2,86.064304
-7.6138,109.3712,11.2,91.871745
-7.6138,109.3972,18.4,96.04
-7.6473,108.9456,1.4,74.871067
-7.5794,108.9377,12,42.88774
-7.4412,108.9399,76.7,41.598593
-7.6651,108.9837,17.9,82.070849
-7.641,108.9984,22.5,67.545304
-7.6149,108.9815,9.9,52.670149
-7.5833,108.964,44.1,44.610704
-7.5044,108.9773,61.9,40.292812
-7.4763,108.9854,72.9,37.251303
-7.4244,108.9923,173.9,41.67298
-7.6901,109.0258,6.9,88.292904
-7.5484,108.9919,43.3,43.38242
-7.5955,109.0206,8.4,50.66836
-7.5613,109.0304,57.1,47.05646
-7.5119,109.029,33.7,41.313489
-7.4798,109.0321,63.8,46.071712
-7.4204,109.0383,127.7,44.952415
-7.6926,109.0629,3.5,86.608852
-7.6576,109.0562,6.4,72.443409
-7.6054,109.0588,18.4,54.761875
-7.5695,109.0517,259,45.10321
-7.5198,109.0727,26.4,43.409098
-7.4819,109.0668,33.1,44.530052
-7.4281,109.0708,60,48.09937
-7.6813,109.1023,3.9,87.267762
-7.6605,109.0938,3.4,73.633099
-7.6204,109.1213,4.9,50.1889
-7.5581,109.1172,14.8,64.978317
-7.5234,109.1063,22.1,46.810514
-7.4753,109.1126,31,51.240556
-7.4308,109.1171,126.5,46.241295
-7.6756,109.1383,5.4,94.193017
-7.6085,109.1465,7.3,62.170766
-7.5698,109.1583,9.3,65.286991
-7.5118,109.1403,18.6,49.274284
-7.4805,109.1555,40.5,110.128301
-7.4297,109.1572,192.5,45.107999
-7.6851,109.1934,4.3,92.899166
-7.6405,109.1778,3,64.822438
-7.6176,109.1967,3.8,59.777511
-7.5387,109.1638,12.1,53.652907
-7.686,109.2492,6.9,74.666209
-7.6533,109.2414,6.2,67.599707
-7.6164,109.2504,3.8,62.156366
-7.564,109.2149,12.8,62.548426
-7.693,109.2972,4.6,75.239308
-7.655,109.2933,5.5,70.947633
-7.6156,109.2834,3,67.486721
-7.5768,109.2829,94.1,82.000242
-7.6995,109.3382,5.1,87.691179
-7.6462,109.3415,1.5,83.06954
-7.6139,109.3474,8.6,86.509376
-7.5849,109.3305,36.3,89.918917
-7.7097,109.3786,4.1,108.261485
-7.6517,109.3779,1.6,93.834338
-7.5998,109.3655,41,94.410511
-7.5983,109.4,57.2,98.845457
-7.635,109.4088,2.3,102.047649
-7.6832,109.3984,2,114.127236
-7.6585,109.4296,9,124.942944
-7.6076,109.4244,12,104.50174
-7.588,109.429,149.8,103.550694
-7.7187,109.015,4.1,99.968357
-7.33321,109.70979,598.9,23.425555
-7.43727,109.24354,69.7,45.448747
-7.30728,109.29494,446.4,49.705739
-7.33991,109.28841,328.1,39.126638
-7.38405,109.33117,94.4,38.204566
-7.39537,109.28983,103.2,41.40473
-7.43574,109.28606,56.7,44.682058
-7.47459,109.29374,31.9,56.01917
-7.51683,109.29334,20.3,78.14774
-7.51843,109.24476,274,72.425343
-7.5296,109.18944,16.6,52.713376
-7.47973,109.19981,23.3,53.7646
-7.48915,109.23506,18.3,62.682688
-7.52388,109.3284,27.1,87.138494
-7.5085,109.36119,67,87.45336
-7.48975,109.40509,58,82.649573
-7.47494,109.42703,41.7,71.969636
-7.47616,109.46404,48.7,66.676671
-7.51875,109.47686,241.5,95.04134
-7.47553,109.51268,78,69.042677
-7.4658,109.56065,137.1,69.256272
-7.43693,109.55534,144.6,52.22811
-7.43758,109.5126,107.4,53.815876
-7.47449,109.33545,30.9,63.337901
-7.45261,109.38322,36.3,66.189708
-7.44034,109.43225,45.8,61.237527
-7.42782,109.46043,57.9,54.710121
-7.38936,109.59766,225.1,40.679371
-7.39816,109.55763,168.8,44.58747
-7.39417,109.51548,140.8,42.505776
-7.39143,109.46885,93,42.564666
-7.39168,109.43146,36.5,46.015393
-7.38552,109.3794,38.5,42.981222
-7.42788,109.33801,36.9,46.702536
-7.21215,109.42016,963.2,39.004593
-7.22341,109.3896,686.5,33.779463
-7.20976,109.3339,859.6,37.556493
-7.24914,109.33567,469.4,48.145357
-7.27272,109.37765,207.6,47.04596
-7.2987,109.38997,161.2,35.142886
-7.34794,109.38903,57.9,34.068992
-7.29623,109.33309,312.1,49.026432
-7.3432,109.33627,167.1,36.360062
-7.26774,109.42087,269.8,42.083963
-7.29105,109.42325,189.8,34.603872
-7.33446,109.43181,86.5,33.279101
-7.27224,109.47094,248.7,43.356242
-7.30042,109.47017,153.8,33.019464
-7.27974,109.5005,258.5,47.885193
-7.30218,109.51406,160.1,41.028988
-7.29193,109.5421,407.9,45.616117
-7.36586,109.47007,118.5,35.52063
-7.33359,109.51602,136.8,34.276823
-7.35712,109.54134,258.5,40.651388
-7.35481,109.59899,312.2,38.545807
-7.36793,109.6526,249.5,41.350003
-7.38731,109.69034,266.1,48.568753
-7.398,109.65304,254.8,48.180266
-7.38846,109.24313,149.8,45.392662
-7.34173,109.23828,384.3,49.511441
-7.3548,109.19814,313.7,50.110352
-7.39124,109.19996,127.7,44.805338
-7.43039,109.19981,84.6,45.46046
-7.25841,112.75856,4.849,-3.761046
-7.27381,112.75835,5.313,-6.640231
-7.29174,112.75961,5.741,-10.640898
-7.29149,112.77497,4.484,-10.290025
-7.30812,112.79188,3.537,-14.080001
-7.32484,112.79198,3.65,-17.95169
-7.3403,112.77589,4.658,-22.180017
-7.32508,112.77513,4.776,-17.66863
-7.34112,112.75879,6.837,-20.421922
-7.32692,112.757,7.054,-16.956294
-7.3247,112.7417,8.852,-13.981687
-7.30887,112.75886,6.299,-12.602288
-7.30931,112.77536,4.619,-12.975763
-7.24299,112.76147,4.333,-0.792064
-7.24083,112.74146,4.662,-1.336475
-7.26173,112.74094,5.737,-4.231655
-7.27769,112.74186,6.491,-7.730177
-7.29203,112.74045,7.321,-9.76014
-7.30836,112.74092,8.114,-11.695175
-7.34145,112.74255,8.964,-18.102121
-7.34188,112.72386,11.398,-15.912312
-7.32515,112.72461,10.97,-12.54654
-7.30817,112.72537,9.688,-11.215968
-7.30568,112.70884,11.145,-9.138465
-7.29158,112.70654,10.058,-14.37322
-7.2923,112.72433,8.661,-9.718396
-7.25857,112.72544,6.21,-4.084406
-7.2767,112.72269,7.653,-9.344584
-7.26398,112.69273,8.146,-6.96293
-7.2583,112.67493,8.243,-5.695329
-7.25806,112.65845,9.078,-5.835705
-7.27378,112.65852,11.449,-10.775048
-7.29079,112.6625,13.529,-13.483057
-7.30847,112.6578,16.859,-6.237934
-7.32842,112.67899,16.98,-10.025075
-7.3259,112.65794,19.482,-13.354155
-7.32423,112.64088,23.015,-10.701683
-7.31285,112.6347,22.398,-4.65086
-7.29134,112.62806,19.895,-12.719724
-7.27497,112.64139,14.609,-8.17559
-7.26112,112.634,13.46,-9.341151
-7.25854,112.62583,14.296,-6.44616
-7.24155,112.62492,11.306,-1.21013
-7.2081,112.62371,5.995,6.55297
-7.22525,112.60791,10.429,4.062934
-7.24365,112.61351,13.326,-2.218834
-7.24245,112.64104,9.181,-1.074698
-7.24321,112.66214,6.536,-1.929311
-7.25932,112.70788,6.999,-4.271282
-7.27475,112.6923,9.357,-10.984562
-7.29186,112.67577,12.602,-16.104815
-7.30929,112.67619,14.841,-9.441236
-7.3082,112.68925,13.367,-7.832042
-7.32481,112.6925,14.87,-10.147093
-7.32505,112.70892,12.886,-12.468575
-7.34309,112.69172,15.512,-13.909008
-7.3432,112.67554,17.618,-12.28009
-7.34571,112.65791,19.819,-11.537052
-7.35748,112.65724,18.487,-9.497796
-7.3588,112.67471,15.991,-11.905731
-7.34214,112.70689,13.611,-13.794236
-7.30461,112.62625,22.67,-5.617998
-7.2747,112.62415,17.554,-13.880372
-7.28866,112.641,16.986,-11.332321
-7.27499,112.67544,10.414,-12.042854
-7.29387,112.69215,11.484,-12.58099
-7.27562,112.70775,8.498,-10.668432
-7.21445,112.6059,4.546,0.697031
-7.1773,112.586,7.241,13.418363
-7.21221,112.5938,4.328,4.945907
-7.35511,112.7473,3.318,-23.801795
-7.34136,112.7612,4.826,-21.981901
-7.3581,112.7443,4.686,-22.598455
-7.35974,112.7265,6.256,-21.512009
-7.36064,112.7074,6.434,-19.535495
-7.3425,112.7079,7.76,-16.607879
-7.25222,112.5893,12.976,-4.779543
-7.27313,112.5892,37.475,-8.899938
-7.29159,112.591,19.888,-11.266314
-7.30807,112.5912,11.727,-12.359306
-7.32694,112.591,24.193,-13.723978
-7.34409,112.5919,28.616,-13.146678
-7.29144,112.7575,3.998,-11.271731
-7.27527,112.6087,40.272,-9.298496
-7.2931,112.6081,29.472,-10.528123
-7.30781,112.6065,12.271,-11.688187
-7.32487,112.609,23.59,-11.805707
-7.32397,112.6256,17.079,-10.931836
-7.34518,112.6244,17.73,-11.261626
-7.34697,112.6093,23.202,-11.911521
-7.35801,112.6087,13.228,-12.910356
-7.35371,112.6274,12.012,-11.485809
-7.25742,112.7434,5.237,-4.035925
-7.1913,112.6184,5.221,9.740002
-7.22546,112.6243,3.738,2.969205
-7.19095,112.6243,8.266,9.586886
-7.19156,112.6563,4.415,10.032229
-7.35823,112.6916,14.029,-14.715748
-7.35592,112.67394,16.405,-11.234733
-7.36028,112.64035,21.53,-6.238785
-7.35725,112.59132,32.027,-11.358046
-7.35725,112.59124,32.045,-9.598833
-7.30559,112.64211,19.619,-6.56209
-7.2582,112.64004,11.998,-7.947089
-7.2582,112.64004,11.998,-7.911289
-7.23247,112.7585,3.859,0.469633
-7.26825,112.7562,5.205,-5.852266
-6.7342,108.26294,42.102,10.595414
-6.81667,108.13435,65.544,6.78245
-6.7806,108.11268,46.219,6.139801
-6.73974,108.13144,41.184,6.609838
-6.73099,108.07606,54.849,6.179315
-6.70142,108.09267,50.57,6.967038
-6.66345,108.10595,46.47,12.513599
-6.70211,108.13141,35.939,10.842049
-6.74558,108.21772,31.683,5.300219
-6.78203,108.21743,54.746,6.013656
-6.79283,108.16909,53.81,12.087051
-6.81983,108.18705,72.944,17.450041
-6.83558,108.23303,134.036,14.422491
-6.82795,108.26784,174.929,8.723836
-6.78454,108.27065,76.357,5.589954
-6.7985,108.32111,156.813,16.147168
-6.83552,108.32448,440.881,16.089377
-6.82615,108.36121,497.957,17.848711
-6.78307,108.3568,187.982,18.837212
-6.80283,108.40166,446.191,27.959523
-6.79607,108.44121,268.89,20.368655
-6.75511,108.40149,84.996,28.520798
-6.73996,108.34494,58.119,19.554891
-6.73295,108.31617,59.283,16.621998
-6.70258,108.36277,34.521,21.123329
-6.70418,108.41057,20.572,23.117205
-6.70435,108.44896,19.308,20.83894
-6.70895,108.48966,17.834,19.556495
-6.69527,108.54936,1.605,17.261142
-6.74803,108.49027,52.561,18.764914
-6.75605,108.44547,83.516,21.169261
-6.7862,108.49163,188.31,21.846636
-6.81122,108.46913,283.666,18.989741
-6.82563,108.49571,339.095,14.140592
-6.84753,108.50989,379.414,10.981523
-6.83437,108.53649,278.475,11.894508
-6.80139,108.52447,202.893,17.199505
-6.75498,108.53771,20.991,18.181283
-6.67946,108.14015,38.426,12.786554
-6.68723,108.18552,26.246,11.552526
-6.65493,108.17577,43.634,14.396141
-6.61849,108.21277,22.005,20.074808
-6.60591,108.25925,20.043,21.065029
-6.56974,108.27736,16.173,23.779198
-6.56616,108.30636,14.074,23.913455
-6.65787,108.22602,21.443,15.070857
-6.69745,108.2253,26.093,11.290935
-6.70261,108.2771,30.201,15.95402
-6.65237,108.31269,19.267,18.309696
-6.60696,108.31224,19.058,22.598682
-6.6066,108.35856,6.636,19.70203
-6.66315,108.36744,18.795,22.333181
-6.66312,108.3675,3.641,15.810887
-6.69743,108.3213,30.766,19.309434
-6.5648,108.50465,0.357,25.886965
-6.60374,108.47927,1.672,23.570384
-6.613,108.4272,2.552,20.994283
-6.59704,108.39813,5.565,20.847907
-6.64749,108.40744,12.474,20.237881
-6.65078,108.45825,4.655,22.187976
-6.65114,108.4866,3.412,23.055267
-6.56519,108.45377,1.698,23.541289
-6.54674,108.43122,3.699,23.943575
-6.51931,108.45109,2.597,24.989439
-6.47007,108.39956,4.881,26.853662
-6.46604,108.45479,3.197,25.091022
-6.4321,108.43739,2.371,25.564889
-6.39018,108.39943,1.475,26.824128
-6.42808,108.39536,2.925,28.023838
-6.48416,108.37238,7.751,26.168108
-6.55991,108.35054,11.179,22.551888
-6.52135,108.3903,7.278,22.96556
-6.51548,108.34328,9.783,23.743897
-6.47505,108.31813,6.276,28.416813
-6.42612,108.30207,5.133,30.638575
-6.37671,108.31448,2.867,30.560251
-6.43671,108.36453,3.464,28.622885
-6.51341,108.28928,9.259,26.213216
-6.52475,108.24847,13.519,25.540616
-6.52056,108.21764,19.039,26.465495
-6.53801,108.19343,19.926,24.95237
-6.47595,108.22648,5.811,29.384012
-6.47799,108.2563,6.365,28.857396
-6.42266,108.2263,2.815,30.870157
-6.73393,108.0023,344.457,13.089008
-6.5988,107.91138,98.019,10.603725
-6.59051,107.94951,57.905,10.962012
-6.60038,108.0305,56.908,10.606843
-6.55898,108.08265,40.256,20.240278
-6.53254,108.11766,27.783,23.386743
-6.51015,108.09969,23.752,24.468588
-6.50702,108.13937,21.72,24.996739
-6.46559,108.10721,12.509,27.689327
-6.50589,108.03971,26.034,22.161577
-6.50291,108.00475,28.25,20.644558
-6.46781,108.03195,16.875,25.525674
-6.4603,107.98841,20.89,23.096934
-6.46055,107.9435,21.315,19.1205
-6.45756,107.90591,24.397,15.854824
-6.50388,107.92136,32.892,16.370075
-6.49814,107.95973,31.309,19.081689
-6.64673,108.05624,67.984,7.265125
-6.57641,108.04172,46.568,14.322102
-6.56336,108.01797,43.129,15.139156
-6.51641,107.9749,34.426,18.177764
-6.53781,107.97038,38.702,16.315245
-6.61443,107.99592,62.049,8.778874
-6.64227,108.0062,81.811,6.204751
-8.82567,115.11779,129.982,155.434996
-8.82666,115.16307,152.054,153.117929
-8.82663,115.20784,72.106,143.895255
-8.69633,115.25843,1.92,93.395399
-8.64636,115.25582,26.746,75.790847
-8.63585,115.2131,35.48,72.513376
-8.64605,115.16557,34.729,79.610938
-8.69161,115.16185,7.809,91.426993
-8.68965,115.20732,10.732,86.209235
-8.60292,115.29537,48.425,73.302907
-8.61228,115.25276,61.616,70.466346
-8.60089,115.20684,84.096,73.228619
-8.55174,115.21105,127.939,76.746531
-8.56189,115.17157,111.538,77.898648
-8.55664,115.1204,100.858,81.471351
-8.56546,115.07183,41.856,86.097934
-8.60476,115.10845,38.851,80.840063
-8.60468,115.16446,83.313,76.015219
-8.51894,115.20942,178.185,82.990138
-8.5121,115.24954,198.919,74.014095
-8.51045,115.2908,206.786,67.961715
-8.50043,115.34906,275.715,85.984127
-8.55561,115.38465,54.119,106.887746
-8.51716,115.40019,161.6,110.714184
-8.56531,115.33568,69.983,83.671629
-8.56596,115.29299,95.339,70.659052
-8.55476,115.25233,130.779,70.709721
-8.64597,115.11633,9.311,87.986842
-8.50831,115.07792,134.517,84.987805
-8.50449,115.0293,129.018,92.87105
-8.50894,114.97733,32.997,117.207689
-8.44875,115.02418,322.682,98.60053
-8.47103,115.07831,208.615,88.685486
-8.47307,115.1147,247.056,87.216166
-8.51509,115.11898,157.268,82.464145
-8.4622,115.29856,375.925,79.962237
-8.42559,115.30671,515.862,89.300974
-8.42132,115.34838,570.927,97.413837
-8.46207,115.35365,401.814,93.877158
-8.42767,115.3843,547.518,105.148965
-8.4687,115.39248,415.193,108.476573
-8.51546,115.16448,164.537,83.184042
-8.4671,115.16268,283.867,92.171327
-8.41896,115.16126,417.704,99.759293
-8.37119,115.17593,606.646,104.514652
-8.33991,115.16503,836.197,103.76467
-8.33467,115.20941,843.468,85.960504
-8.3938,115.21485,501.879,98.897193
-8.43134,115.20064,404.454,104.813826
-8.46371,115.21205,309.963,97.497431
-8.33598,115.25257,827.147,82.764122
-8.27796,115.28818,1125.578,73.0041
-8.24638,115.29177,1252.022,77.13494
-8.24324,115.32578,1494.264,86.02768
-8.20064,115.3305,1554.777,98.13269
-8.19578,115.29044,1334.308,96.2496
-8.20541,115.25517,1191.342,91.7836
-8.2417,115.24306,1225.02,83.81797
-8.28786,115.2395,964.395,75.15398
-8.46609,115.24807,319.151,82.786611
-8.4221,115.24431,445.702,89.431581
-8.38203,115.26466,624.959,81.463005
-8.32139,115.29565,954.248,72.40524
-8.29021,115.33088,1153.556,81.89046
-8.32722,115.34402,998.198,81.97448
-8.37643,115.34473,772.096,85.467823
-8.38068,115.2999,651.073,80.22379
-8.38557,115.38142,733.081,104.52167
-8.31852,115.38993,1133.583,101.72124
-8.26132,115.16363,1273.296,69.8741
-8.28385,115.36501,1335.452,97.43493
-8.28402,115.3647,1339.012,160.05501
-8.28189,115.16126,1279.225,60.55783
-8.24258,115.15023,1235.529,66.93486
-8.23758,115.11781,1366.375,66.96279
-8.24027,115.07398,1237.543,62.05465
-8.25996,115.35154,1089.516,230.52927
-8.20857,115.37525,1294.446,178.53819
-8.2299,115.40904,1049.092,187.3303
-8.1932,115.4373,359.63,197.479693
-8.1707,115.02148,10.105,55.127121
-8.12698,115.19229,239.818,59.99722
-8.15163,115.16189,255.439,64.089064
-8.08914,115.12815,11.454,39.690778
-8.15416,115.11037,204.294,58.085461
-8.2009,115.14197,754.016,71.573215
-8.41974,115.12065,432.118,96.685312
-8.36612,115.12557,738.115,107.100347
-8.42206,115.07378,521.904,94.502256
-8.39714,115.06795,653.361,98.146461
-8.42919,115.02947,418.138,99.441641
-8.39453,115.03641,584,99.991946
-8.34948,115.03366,821.233,103.068699
-8.30515,114.9832,560.871,125.856673
-8.32092,114.93574,766.208,130.193217
-8.42269,114.91678,466.735,118.333087
-8.38459,114.94139,662.886,113.030001
-8.42422,114.97585,504.594,110.242742
-8.46886,114.98291,357.115,111.973116
-8.47057,114.92367,5.218,113.816554
