Lintang,Bujur,Tinggi_Ortometrik,CBA
-6.84082,107.5621,986.3,57.397467
-7.15656,107.36719,1650.3,116.639
-7.18401,107.44871,1920.8,124.27205
-7.15542,107.56177,1266.1,78.948803
-7.19264,107.61471,1545.6,48.48088
-7.1548,107.69841,1240.8,14.33294
-7.15946,107.79109,1486.3,85.277862
-7.11766,107.43542,1312.6,56.71568
-7.11191,107.47136,1176.5,78.829324
-7.11287,107.55651,872.9,37.699283
-7.10395,107.70567,868.6,23.664267
-7.12149,107.77611,1248.7,64.098357
-7.05814,107.3392,1142.3,84.445182
-7.06309,107.39948,1299.9,104.905697
-7.07511,107.47145,1051,89.223264
-7.06747,107.51514,1066.2,76.352394
-7.07231,107.56547,753.7,57.621788
-7.07327,107.60742,879.6,68.649018
-7.06098,107.65043,935.5,47.281101
-7.06946,107.70264,761.2,24.898521
-7.0744,107.74781,706.6,21.993168
-7.0799,107.79315,891.3,1.97126
-7.0634,107.84283,1094.8,65.855024
-7.01084,107.3456,1049,61.168732
-7.03555,107.48248,1133.3,88.090754
-7.02679,107.5169,743,46.735354
-7.02134,107.56534,668.6,53.613468
-7.01901,107.59687,664,60.054548
-7.02105,107.64901,674.6,26.140881
-7.02561,107.69855,668.5,16.928271
-7.02628,107.74228,667,18.206708
-7.02959,107.79257,686,11.547384
-7.0221,107.83927,813,34.980414
-7.0224,107.8769,849.4,43.736629
-6.97359,107.38166,747.1,59.267442
-6.98334,107.42916,645.4,45.624532
-6.98136,107.56289,659.9,38.621367
-6.98308,107.60514,659.8,32.793087
-6.96953,107.6314,664,19.127538
-6.98313,107.69384,661.7,30.402048
-6.97476,107.75794,663.8,13.215563
-6.97283,107.84183,804.6,54.081955
-6.96332,107.88528,1076,91.581503
-6.93421,107.47853,660.2,34.036419
-6.93746,107.52394,683,56.243779
-6.93889,107.5623,684.5,42.555407
-6.9318,107.6111,692.2,32.455307
-6.73161,107.90737,375.4,44.7400656
-6.70396,107.9579,315.9,50.735309
-6.64143,107.94734,82.4,10.94234
-6.71888,107.66079,839.3,89.665411
-6.83568,107.4884,709.8,20.336253
-6.6852,107.42987,524.4,31.952465
-6.62356,107.40399,225.7,56.435096
-7.04968,107.76153,673.7,19.061838
-7.03967,107.49607,800.9,54.354114
-6.82977,107.46639,707.3,34.231438
-7.03621,107.90715,733.7,32.883639
-6.96211,107.79267,671.8,24.455085
-6.83766,107.92782,473.4,27.058854
-6.93512,107.66096,673.3,22.713418
-6.93727,107.70159,669.7,32.155758
-6.93173,107.74965,774.9,31.159683
-6.92309,107.82875,870.6,44.898985
-6.89386,107.36172,679.1,55.469542
-6.87359,107.4275,703.4,19.940015
-6.89692,107.52291,723.2,44.632003
-6.88756,107.56893,767.6,28.228917
-6.88651,107.66972,820.1,38.461721
-6.90269,107.74359,974.7,67.175817
-6.9059,107.78166,819,41.812517
-6.88867,107.84037,782.8,22.938531
-6.89064,107.89344,880.9,76.906754
-6.87969,107.9349,487.4,38.262294
-6.83169,107.36893,367.3,2.020272
-6.84338,107.47473,717.4,8.577953
-6.84489,107.51883,811.7,27.531693
-6.84711,107.62835,1023.2,72.757541
-6.82534,107.68653,1257.4,68.33259
-6.85694,107.73248,1413.8,114.518767
-6.86245,107.79526,1034.1,47.659481
-6.84057,107.83344,917.6,36.302161
-6.84248,107.89996,501,24.906034
-6.79627,107.44227,497.6,-1.008348
-6.77722,107.52406,1191,59.978188
-6.79754,107.57482,1318.4,121.34157
-6.8083,107.65001,1170.8,54.5709
-6.78833,107.69181,1207.9,75.54279
-6.81074,107.8615,692.5,65.141175
-6.79948,107.94985,605.4,82.60890734
-6.7412,107.36152,310.8,8.296864
-6.76063,107.61834,1834.6,140.61763
-6.74135,107.75452,481.1,60.552205
-6.74625,107.80119,410.7,40.852725
-6.76194,107.84175,539.6,50.257055
-6.76315,107.88722,367,51.86435734
-6.73973,108.01009,353.4,55.612609
-6.70272,107.46952,674.3,20.082395
-6.69813,107.51702,782.1,25.281625
-6.67521,107.56649,680.4,34.927207
-6.70472,107.6917,589.6,62.619241
-6.70724,107.75608,410.7,40.344785
-6.70169,107.79668,296.2,19.319145
-6.71404,107.82148,427.3,34.352915
-6.66513,107.61363,643.1,78.660974
-6.66934,107.66001,515.5,45.203361
-6.66298,107.69826,493.4,84.0513033
-6.66435,107.75387,442.5,53.11895608
-6.64903,107.79871,465.3,42.859489
-6.67451,107.9121,167.4,19.0686056
-6.60294,107.47018,186.9,33.21513
-6.63252,107.52411,555.1,58.95173
-6.62183,107.57387,299.8,42.772774
-6.61236,107.67868,305.6,58.2139833
-6.60344,107.73426,186.8,43.59963608
-6.57035,107.76116,90.7,32.8428317
-6.6002,107.8576,76.4,9.025219
-6.60589,107.94277,67,7.85154
-6.67298,107.47622,621.1,13.751235
-6.59024,107.42948,212.7,47.228016
-7.04935,107.76155,672.8,18.941288
-6.82647,107.61775,1256.8,84.209
-6.75957,107.61901,1828.8,139.73068
-6.85991,107.92043,456.8,23.679644
-6.56998,107.90523,46.5,17.44775463
-6.90073,107.62145,718,15.446687
-6.47334,108.2214,294.2,52.15421152
-6.47244,108.2254,251,55.38549152
-6.48273,108.2104,289.8,61.09610152
-6.48313,108.2213,432.6,73.80202152
-6.47465,108.2032,203.1,51.67266152
-6.46544,108.2153,206.1,49.35473152
-6.46499,108.2225,206.4,50.19643152
-6.46419,108.2302,155,46.34345152
-6.46393,108.2332,153.5,47.73558152
-6.46409,108.2402,140.5,46.79870152
-6.46316,108.2431,131.6,45.14963152
-6.46211,108.2449,114.1,42.78774152
-6.45599,108.2518,82.3,38.84281152
-6.45431,108.2607,92.8,44.86853152
-6.45513,108.2541,67.3,30.87884152
-6.45257,108.2627,85.6,37.45055152
-6.44262,108.2621,51.6,34.10304152
-6.43364,108.2633,34.9,31.69714152
-6.43041,108.2701,25.7,30.13137152
-6.42072,108.274,17.7,28.93634922
-6.42113,108.2811,18.1,28.88163922
-6.42225,108.2822,21.1,28.91547922
-6.42414,108.2815,23,29.32343152
-6.43071,108.2802,26,29.68798152
-6.43305,108.2754,29.7,30.15344152
-6.43594,108.2754,35.1,30.63273152
-6.44292,108.2743,43.6,31.77696152
-6.44535,108.2731,55.7,33.39406152
-6.45244,108.2725,76.4,35.59265152
-6.45517,108.2646,116.1,40.30506152
-6.45255,108.2759,54.7,32.81047152
-6.45324,108.2844,63.9,32.6805565
-6.46257,108.2644,150.5,36.00677152
-6.47012,108.2657,185.8,38.88299152
-6.47414,108.273,269.9,46.09609152
-6.4824,108.2738,336.6,53.19080152
-6.42285,108.2647,24.1,29.80973922
-6.42307,108.2615,25.6,30.34847922
-6.42241,108.2533,27.5,30.94833922
-6.4222,108.2501,25.9,31.47853922
-6.42152,108.2438,22.8,31.77499922
-6.42042,108.2423,20,31.30250922
-6.41528,108.2402,22,31.21293922
-6.41437,108.2339,26.3,31.48881922
-6.41399,108.2319,30,31.48882922
-6.41425,108.2244,29.8,31.30187922
-6.41349,108.2208,33.8,31.12211922
-6.41093,108.2149,27.8,30.15077922
-6.41473,108.2146,32.1,30.88241922
-6.47554,108.2023,204.8,50.23953152
-6.47387,108.2108,210.6,50.08391152
-6.44589,108.2345,114.9,49.74129152
-6.45249,108.2414,80.4,44.58665152
-6.44478,108.223,334.1,67.80751152
-6.45494,108.2101,140.7,41.06482152
-6.48304,108.2259,432,67.94862152
-6.47184,108.2417,210,45.51966152
-6.48188,108.2426,461.4,73.84783152
-6.46422,108.2525,124.9,34.86967152
-6.48054,108.2519,359.1,60.95445152
-6.47349,108.2554,272,49.38754152
-6.48486,108.2405,515.4,81.76699152
-6.48349,108.2287,511.5,79.33081152
-6.44226,108.2543,43.5,35.15935152
-6.46255,108.2136,189,46.81363152
-6.45269,108.2511,64.6,38.24432152
-6.43332,108.2557,36.5,32.79758152
-6.4816,108.1932,189.6,54.85588997
-6.45075,108.2149,123.6,42.01962152
-6.41403,108.2424,18,29.86290922
-6.41437,108.2549,22,29.90114922
-6.41087,108.263,16.5,28.74297922
-6.42001,108.2712,19.2,29.24370922
-6.41232,108.2754,14.7,28.85820922
-6.41502,108.2734,17,29.01433922
-6.41245,108.2837,13.4,28.6260735
-6.48288,108.2127,384.9,69.21186152
-6.45435,108.2426,83.9,42.94984152
-6.45406,108.2155,118.7,40.49015152
-6.48304,108.2603,389.4,64.44781152
-6.47452,108.2638,283,49.58270152
-6.46405,108.2604,175.7,38.92719152
-6.4803,108.2157,332.6,62.99839152
-6.47469,108.2343,292.3,53.20038152
-6.47448,108.2409,342.9,59.58574152
-6.48445,108.2654,388.5,61.80146152
-6.43197,108.2011,47.5,39.23100152
-6.40514,108.2239,24.1,29.78410922
-6.41116,108.2519,15.4,29.10753922
-6.41484,108.2639,19.3,29.88808922
-6.41153,108.2711,13.6,28.43436922
-6.48542,108.1928,319.8,67.37486997
-6.43526,108.2827,31.1,29.83134152
-6.41373,108.1751,35.9,28.44384746
-6.4304,108.2118,42.9,32.44222152
-6.41187,108.2023,32.6,30.77401922
-6.49156,108.265,457.5,71.24805152
-6.46156,108.1918,105.1,40.95168997
-6.41229,108.1659,29.9,27.27010746
-6.41384,108.166,30.7,26.89609746
-6.40598,108.1924,29.1,30.01926746
-6.42136,108.2023,38.9,30.90922922
-6.42124,108.1949,40.1,30.76028746
-6.42111,108.1918,34.8,29.48646746
-6.4236,108.1833,40.4,28.74824997
-6.43038,108.1802,41,27.66756997
-6.43234,108.1723,43.1,26.87663997
-6.42157,108.1658,33.8,26.70849746
-6.42563,108.165,39.2,26.64704997
-6.43228,108.1642,41.2,25.63119997
-6.42369,108.192,40.5,38.04731997
-6.43484,108.1856,59.3,37.91831997
-6.4412,108.1853,62.5,37.56859997
-6.45098,108.1905,77.9,38.64674997
-6.445,108.2031,71,34.18505152
-6.44161,108.2042,58.5,32.72375152
-6.43479,108.206,52.5,32.62819152
-6.45276,108.2045,122.2,38.61693152
-6.45485,108.2,100,35.43223997
-6.45128,108.2011,79.8,34.21575152
-6.46355,108.2031,138.4,42.92123152
-6.46493,108.2044,153.4,42.72454152
-6.47165,108.2009,158.7,49.86528152
-6.47177,108.1938,139.9,46.84009997
-6.47511,108.191,151.4,45.06319997
-6.47237,108.1901,127.1,42.24605997
-6.46592,108.1846,104.2,39.29590997
-6.46282,108.1825,89.7,36.55154997
-6.45428,108.1805,74.8,35.12318997
-6.45172,108.1757,70.6,34.34795997
-6.44547,108.1728,58.8,31.66037997
-6.44224,108.1713,51.3,31.65963997
-6.43542,108.1704,44.4,30.75619997
-6.44014,108.1526,44.9,21.93578997
-6.44207,108.1547,47.9,22.29328997
-6.44579,108.1603,52,22.55440997
-6.44559,108.1628,51.2,29.51142997
-6.45196,108.1607,54.8,22.10480997
-6.46169,108.1611,65,21.59813997
-6.45293,108.1634,55.5,29.01140997
-6.45552,108.17,62.1,29.09704997
-6.46437,108.1613,70,21.35787997
-6.47155,108.1612,79.4,21.23529997
-6.47501,108.1557,98,15.12819997
-6.48005,108.1621,96.5,23.17324997
-6.471,108.1727,84.2,31.06840997
-6.47453,108.173,103.6,31.39688997
-6.48103,108.173,122.4,29.15000997
-6.48488,108.1714,144.8,31.25802997
-6.48337,108.1643,119.4,27.37645997
-6.4813,108.1532,104.1,16.06446997
-6.49262,108.2043,477.7,78.59225152
-6.49475,108.1923,445.2,78.86803997
-6.49551,108.1726,248.3,36.02693997
-6.49201,108.1713,188.2,28.26302997
-6.49209,108.1629,157.9,25.58662997
-6.48115,108.1749,176.8,32.34314997
-6.48277,108.1752,203.9,45.36713997
-6.49086,108.1812,269.8,54.48872997
-6.49472,108.1834,361.8,80.55261997
-6.45258,108.2302,261.9,63.21097152
-6.48167,108.2451,433.3,70.42763152
-6.46495,108.1542,69.5,19.35180997
-6.47257,108.2253,256.6,55.59174152
-6.32847,106.07904,268.6,91.264384
-6.33297,106.12762,152.2,67.208914
-6.34196,106.17378,102.5,69.4133754
-6.33654,106.20814,75.3,62.3725554
-6.3347,106.30688,63.2,67.7414196
-6.3257,106.34617,64.7,68.5023196
-6.32892,106.39132,56,65.7107157
-6.32558,106.44053,64.6,65.5119557
-6.32496,106.48536,64.4,63.5586695
-6.32548,106.53133,58.3,61.9949995
-6.32586,106.57903,67.4,66.0972161
-6.32686,106.62596,65.6,68.5917161
-6.32379,106.6639,68.5,59.72475459
-6.33194,106.70835,71,58.65571459
-6.28446,106.08573,627.3,118.590944
-6.28654,106.12482,236.5,78.819544
-6.28382,106.17065,130.1,69.3201154
-6.28153,106.21515,77.6,59.5256954
-6.29055,106.27261,32.4,59.09342172
-6.27129,106.31025,40.8,60.4924696
-6.27745,106.34593,56.5,62.6793396
-6.28622,106.39715,37.8,61.2017957
-6.28101,106.44379,49.4,63.9855557
-6.27947,106.48774,49.1,65.8393295
-6.28257,106.53256,56.1,72.0198595
-6.28155,106.57624,55,70.0602761
-6.28509,106.624,54,62.0121061
-6.27915,106.66871,49.9,46.35971459
-6.2823,106.71099,47.6,50.39783459
-6.23731,106.077,436.5,105.3132972
-6.23618,106.1277,170,80.4513372
-6.23618,106.16962,118.5,79.6206066
-6.24152,106.20839,77.2,76.8552566
-6.2394,106.25813,56,70.6589029
-6.23787,106.3135,31.6,67.49572232
-6.23776,106.35369,46.4,69.44749232
-6.22873,106.39675,36.2,69.75063921
-6.24417,106.4433,40.5,66.38776921
-6.23858,106.48903,39.9,66.4257787
-6.23912,106.57771,47.5,64.2440701
-6.23788,106.62175,41.7,45.3074201
-6.23729,106.66557,38.9,49.98984324
-6.23618,106.71338,41.5,53.70343493
-6.20497,106.07834,207.3,86.9731872
-6.18758,106.12808,123.9,78.4205972
-6.18716,106.17533,76.9,73.2170266
-6.19468,106.21567,59.7,79.4011366
-6.19207,106.25042,53.1,78.6417529
-6.19509,106.30728,26.5,70.82111232
-6.20187,106.3507,37.3,68.40454232
-6.19641,106.39497,33.9,69.79720921
-6.19389,106.43968,35.3,70.88820921
-6.18996,106.48981,37.5,69.9978087
-6.19087,106.52973,41.1,68.2417487
-6.18829,106.58016,33.7,49.6690301
-6.19507,106.62021,35.1,42.2902601
-6.19076,106.66602,31.2,51.13486324
-6.18887,106.7144,25.5,54.81067493
-6.1482,106.08235,237.9,93.6874197
-6.14571,106.12922,77.1,64.8795797
-6.14902,106.17072,50.2,67.6027401
-6.1543,106.2179,41.5,73.155275
-6.14815,106.2633,32.7,77.876295
-6.14688,106.30898,24.2,69.49087439
-6.15227,106.34636,31.7,69.83310439
-6.15223,106.39457,26.6,68.35779823
-6.14632,106.44178,30.6,72.79628823
-6.14114,106.48711,31.2,71.11838324
-6.14666,106.52993,31.2,69.21250324
-6.15182,106.57318,30,52.26710623
-6.14631,106.61879,29.5,49.04849623
-6.14659,106.6671,25.1,53.95797456
-6.14421,106.71369,21.7,59.14493806
-6.10097,106.09227,84.8,78.5722597
-6.1,106.1272,47,66.7398097
-6.10474,106.1697,34.7,68.1739601
-6.09971,106.21716,25.7,68.521075
-6.10179,106.26239,26.2,70.615845
-6.10465,106.31063,28.2,66.39353439
-6.10213,106.35297,22,67.50723439
-6.10107,106.39503,25.1,69.71318823
-6.10321,106.44619,20.6,69.97299823
-6.10291,106.48582,23.4,70.96073324
-6.10126,106.52363,24.5,68.53180324
-6.09419,106.56783,24.8,63.00667909
-6.10225,106.61252,23.1,57.69483623
-6.10078,106.66746,22.9,58.21448456
-6.1005,106.70811,20,62.13441456
-6.05829,106.08115,46,82.947618
-6.05976,106.12719,23,76.048348
-6.06115,106.17438,22.3,71.75127104
-6.05438,106.20743,20,68.90917104
-6.06171,106.26263,19.4,68.70085048
-6.06009,106.30987,21.4,70.50698531
-6.0656,106.3568,20,70.42041531
-6.04782,106.40224,21.5,68.6511872
-6.07307,106.44195,19.5,69.0758572
-6.06137,106.50753,19.7,69.44141398
-6.064,106.55288,21.6,68.04166909
-6.05868,106.58451,20.9,62.95621909
-6.05628,106.61656,19.4,61.01846909
-6.05144,106.66766,20.7,63.11461461
-6.01375,106.07905,19.9,69.1215058
-6.01354,106.26779,17.8,71.57576976
-6.00572,106.30783,18.7,71.73545848
-6.00231,106.34489,18.1,70.41413848
-6.23417,106.5264,45.6,69.0915387
-6.11744,106.15177,42.4,68.0791001
-6.731,106.8,483.6,73.075871
-6.771,106.79,502.7,61.580583
-6.825,106.76,455.9,84.189633
-6.724,107.07,811.6,68.554836
-6.771,107.06,965,107.404438
-6.697,106.79,527.4,32.669555
-6.691,106.84,504.8,63.466951
-6.69,106.9,738.6,36.687096
-6.686,106.93,901.2,61.486176
-6.698,106.98,1330.9,107.144565
-6.643,106.53,616.6,62.674144
-6.655,106.55,613.2,112.704406
-6.632,106.67,412.7,102.7691026
-6.647,106.72,563.8,84.26733
-6.644,106.76,450.9,74.90837
-6.646,106.84,422.7,81.316743
-6.644,106.8,335.1,69.005303
-6.65,106.9,600.7,49.533951
-6.582,106.5,453.2,94.301125
-6.597,106.53,299.2,35.263134
-6.595,106.57,516.8,101.846906
-6.591,106.7,241.9,87.9256126
-6.587,106.74,204.1,55.273
-6.596,106.8,255.2,68.909293
-6.587,106.84,230.4,69.167823
-6.599,106.89,437.3,42.517681
-6.564,106.99,351.8,51.608831
-6.598,107.02,463.6,41.854712
-6.581,107.08,441.7,84.9197744
-6.565,106.58,214,64.501539
-6.558,106.71,175.2,71.40747399
-6.557,106.75,179.7,64.8868705
-6.556,106.8,192.8,57.787396
-6.538,107.03,210.2,30.964841
-6.541,107.1,275.2,66.1776944
-6.524,106.63,130.7,66.21205399
-6.515,106.67,131,61.65767399
-6.504,106.7,123.7,57.2762166
-6.505,106.76,150.2,50.5009732
-6.506,106.8,148.5,47.398686
-6.499,106.83,139.4,52.7443614
-6.481,106.98,116.4,52.0151982
-6.509,107.04,190.3,22.101041
-6.472,107.08,92.8,50.1910767
-6.484,106.47,114,78.1802937
-6.456,106.5,92.9,75.2307737
-6.43,106.55,89.2,63.665672
-6.461,106.64,100,69.0383566
-6.485,106.68,114.2,62.8180066
-6.478,106.72,119.8,53.0818232
-6.46,106.79,108.8,45.9188232
-6.465,106.85,122.4,47.1231214
-6.448,106.99,84.2,45.0989082
-6.447,107.03,63,39.0034582
-6.444,107.06,59.5,45.8936567
-6.406,106.68,78.5,62.5475499
-6.422,106.71,95.7,61.9979199
-6.408,106.93,84.8,48.2436427
-6.363,106.68,67.5,54.8777899
-6.371,106.7,69.1,54.9428699
-6.379,106.94,73.7,45.8649527
-6.503,107.13,84,52.32621093
-6.869,106.77,381.7,107.940488
-6.808,107.12,535.2,59.741598
-6.677,107.03,1150.9,70.217245
-6.755,107.19,350.1,43.803032
-6.808,107.16,370.3,43.838792
-6.869,107.09,546.3,61.120031
-6.49,106.84,139.2,50.4949214
-6.897,106.81,464.1,101.576708
-6.858,107.1,509,55.391271
-6.44706,106.77862,114.7,48.2909232
-6.43852,106.82233,107,51.0013414
-6.45048,106.86931,109.3,48.9710314
-6.3956,106.7429,88.2,53.2465899
-6.39924,106.77855,85.7,49.5920699
-6.39376,106.81491,85.4,48.2380629
-6.39975,106.86161,90,44.7887729
-6.40824,106.93547,84,48.1418427
-6.35409,106.77565,68.5,46.1697799
-6.43898,107.07382,63.6,44.6704267
-6.44306,107.12771,56.2,36.56309093
-6.4321,107.19227,34.3,47.15140093
-6.38028,107.03599,59.3,44.4232624
-6.39916,107.1009,53.6,36.33521836
-6.39142,107.13329,54.2,34.9120799
-6.37194,107.182,52.8,41.7576799
-6.34496,107.00593,43.7,42.4778324
-6.34619,107.05393,43,37.22557836
-6.34054,107.10197,35.1,34.5065345
-6.35188,107.14072,33.5,38.0068399
-6.33537,107.19145,24.5,37.23607532
-6.29899,106.95898,35.5,40.2542286
-6.30668,107.00296,29.9,34.14939891
-6.30585,107.03811,30.3,32.85923891
-6.30673,107.1125,29.4,34.2537545
-6.30056,107.14508,28.2,36.65476532
-6.32118,107.25414,14.6,35.46664038
-6.25982,106.97084,17.9,35.70147654
-6.26122,107.00405,18.7,31.48276891
-6.2533,107.05399,13.2,32.13942087
-6.25512,107.09616,12.8,34.06039087
-6.26,107.13873,17.6,35.67412834
-6.25998,107.18289,11.4,37.15019834
-6.25255,107.23409,10.8,33.83242359
-6.262,107.27217,12.2,33.46754038
-6.20656,107.0034,13.8,33.07168654
-6.21256,107.0465,10.8,32.82093087
-6.21494,107.08916,9.7,33.97513087
-6.20713,107.13917,9.4,34.18089834
-6.20724,107.18828,9.3,34.08788834
-6.21041,107.2215,8.8,31.52448359
-6.21373,107.27229,9.8,29.21887359
-6.16798,107.00516,4.1,35.25318995
-6.16977,107.04573,7.5,35.6683982
-6.16229,107.0936,4.5,35.2260882
-6.16444,107.12893,5.5,34.06136542
-6.16475,107.17657,6.9,32.07766542
-6.16993,107.23172,6.4,25.24887224
-6.16637,107.27668,8.5,20.90582224
-6.1164,106.99558,2.1,39.78468995
-6.12308,107.06217,3.7,38.8009782
-6.11947,107.08432,2.5,36.5794482
-6.12129,107.1257,4.1,34.5386982
-6.12507,107.16316,5.2,32.72395542
-6.10247,107.20724,5.3,26.52619542
-6.08406,107.05499,2.2,38.18251663
-6.08127,107.09136,3.2,34.99426663
-6.076,107.14359,5.8,33.66696599
-6.04027,107.06841,2.2,38.37140663
-6.02658,107.09979,4.2,36.62684663
-5.9868,107.04693,2.2,46.87325924
-6.24955,107.01551,20.9,32.30822654
-6.31267,107.18132,18.2,37.33883532
-7.35711,112.572,18.8,-19.1859577
-7.34833,112.5076,58,-16.7118277
-7.34995,112.4752,47.4,-18.4899869
-7.35045,112.4219,68.7,-11.8149769
-7.34501,112.373,53,-7.9862619
-7.3428,112.2842,80.1,1.472863
-7.34063,112.2419,75.7,4.0062191
-7.2947,112.5647,8.7,-12.3632649
-7.29979,112.5083,14.6,-11.9571749
-7.30082,112.464,18.7,-5.86887829
-7.30357,112.4166,27.7,2.0451597
-7.3149,112.3837,34.3,8.3152397
-7.29227,112.3282,72.8,25.585831
-7.29895,112.2894,68.8,27.549151
-7.289,112.2351,94.6,33.122771
-7.25564,112.5211,8.8,-0.9079849
-7.24863,112.4731,12.6,9.00931171
-7.25341,112.432,21.6,16.61027171
-7.24916,112.3806,40,26.8750397
-7.24679,112.3389,50.3,34.6886897
-7.24348,112.2863,59.5,33.723051
-7.23464,112.5629,12.3,3.13019091
-7.21275,112.5047,13.1,15.42941091
-7.21042,112.4756,16.1,20.4837325
-7.21465,112.4244,33.1,25.1276625
-7.20517,112.3824,31,25.81938349
-7.21076,112.3404,40.4,29.87627349
-7.21183,112.2871,42.8,32.3105331
-7.19675,112.2423,35.7,29.8833913
-7.16794,112.5132,9,18.39651091
-7.15986,112.4614,15.2,19.4467725
-7.16533,112.4248,11.2,18.1097525
-7.17728,112.3829,23.8,20.54067349
-7.16974,112.3433,15.6,18.08723349
-7.15847,112.2924,18.2,13.9686431
-7.1619,112.2387,16.6,18.2850113
-7.12403,112.6009,9.2,19.63126538
-7.12086,112.5464,1.9,16.36954153
-7.13434,112.4925,2.7,15.70346835
-7.13214,112.4261,5.7,12.87860835
-7.13486,112.3815,5,11.02458094
-7.12661,112.3348,8.7,10.18016094
-7.11236,112.2982,7.2,9.640454573
-7.11709,112.2469,10.3,11.10316911
-7.08766,112.5721,2.7,20.87098153
-7.07448,112.5152,2.5,15.20191523
-7.0644,112.4811,2.3,12.76693387
-7.06423,112.4346,2.3,7.26067387
-7.07796,112.3823,3.3,4.74876094
-7.07769,112.3364,3.2,5.12383094
-7.07142,112.3002,4.1,6.36437051
-7.06676,112.2404,5.8,6.247791
-7.03504,112.5707,12.8,32.10866523
-7.03189,112.5202,9.3,28.30700523
-7.03095,112.4668,2.6,19.71374387
-7.03584,112.4214,2.4,11.18487387
-7.03053,112.3831,2.6,9.57529478
-7.03881,112.3495,2.3,6.82125478
-7.02231,112.2982,4.1,10.17214051
-7.02381,112.2322,5.5,9.567541
-6.99191,112.5645,3.5,36.36233615
-6.98516,112.5186,10.5,41.11060615
-6.97985,112.466,11,41.118958
-6.97639,112.4319,10.2,42.537158
-6.98431,112.3774,6.5,34.0954637
-6.9813,112.3403,5.7,34.1039137
-6.98124,112.2956,5.5,28.3100653
-6.95287,112.5563,3.1,35.40673615
-6.93676,112.5113,38.1,42.88186615
-6.92911,112.4692,26.6,42.674848
-6.93385,112.4371,51.7,48.632298
-6.93983,112.4094,68.2,54.0304437
-6.93545,112.3367,32.9,50.0960337
-6.94039,112.2992,28.7,50.2890753
-6.9247,112.2359,54.7,48.9299714
-6.88489,112.4516,2.3,35.5297654
-6.88335,112.3911,11.9,37.9215716
-6.89762,112.3408,29.8,43.2920216
-6.90006,112.2949,45.5,42.8903853
-6.89511,112.2412,45,41.4207387
-7.03275,112.1455,8.6,15.8251163
-7.11778,112.4445,3.7,10.86965835
-7.16134,112.6237,34.8,17.39266296
-7.19417,112.6456,4.5,8.94364296
-7.16045,112.167,13.6,14.04369333
-8.16965,110.76828,164.6,117.81153
-8.14253,110.60497,7.4,109.2881514
-8.13273,110.65664,188.8,120.506385
-8.14937,110.70238,207.1,125.7985171
-8.13771,110.74538,250.3,126.6502771
-8.08428,110.48817,178.4,133.9087008
-8.10198,110.51679,109.6,123.106883
-8.11422,110.56111,68.5,111.069273
-8.09562,110.61254,219.5,116.099165
-8.09796,110.66935,261.4,120.215965
-8.10917,110.75682,296.1,111.98873
-8.0308,110.36842,233.6,133.182149
-8.06397,110.4317,217.7,149.9039571
-8.05249,110.48934,256.6,127.518241
-8.05187,110.53478,283.5,143.9128702
-8.06365,110.57838,244,126.882713
-8.06296,110.6231,257.8,117.652595
-8.05708,110.65143,251.3,116.453035
-8.06493,110.70199,292.3,103.16632
-8.06533,110.7578,358,110.9688
-8.00887,110.30228,8.7,118.7918131
-8.00392,110.34721,343.3,160.7277431
-7.99981,110.3818,325.8,135.857499
-8.01548,110.41866,305.2,138.898309
-8.01448,110.46374,331.9,132.442871
-8.00593,110.5192,158.9,126.9005602
-8.00253,110.56087,171.1,120.5216702
-7.99994,110.60167,159.6,108.6847024
-8.00072,110.65911,169.9,111.4853224
-7.99779,110.69759,200,81.385306
-8.01761,110.7426,368,102.357376
-7.95207,110.18994,4.2,82.791926
-7.96901,110.25522,9.9,82.663046
-7.95656,110.30441,16.6,90.4489556
-7.95193,110.39037,22.6,105.9176473
-7.9783,110.43327,302.4,115.764211
-7.97663,110.47515,112.8,91.060211
-7.95757,110.52109,173.2,91.356019
-7.97125,110.56396,175,92.893359
-7.95388,110.60483,191.2,91.08883
-7.95654,110.66088,184,90.77022
-7.97535,110.76024,455.9,104.701666
-7.92295,110.1166,6.1,95.9741391
-7.90288,110.15373,4.4,93.2125491
-7.91744,110.19508,7.3,85.962546
-7.92827,110.25157,14.8,80.761726
-7.90028,110.29782,34.1,81.0481656
-7.92607,110.34174,26,82.6833156
-7.91978,110.38113,32.7,94.92853726
-7.93139,110.41942,340.7,128.7928073
-7.91953,110.46927,220.6,117.3269097
-7.92188,110.52193,201.5,86.383329
-7.91359,110.55567,210.6,83.606669
-7.91944,110.59815,172.3,82.28274
-7.91803,110.6584,173.9,83.09139
-7.91588,110.68762,186.6,76.058057
-7.91619,110.74795,376.9,109.939917
-7.86969,110.06512,10.5,123.3652437
-7.88564,110.11622,5.6,100.1213555
-7.85861,110.15824,16.8,95.7004955
-7.88217,110.20574,27.4,85.9931881
-7.87469,110.25679,34.7,80.2501781
-7.87241,110.30239,127.1,82.903077
-7.86322,110.33902,58.4,78.366737
-7.87388,110.38154,50.4,81.0599847
-7.87411,110.41464,54,90.3958647
-7.88259,110.45161,375.3,95.683671
-7.85772,110.51454,269.4,85.028881
-7.88047,110.57514,129.7,73.822439
-7.87133,110.60897,209,87.412606
-7.8583,110.64611,191.9,82.461656
-7.86429,110.68947,174.8,81.5038
-7.86586,110.74036,187.1,97.87287
-7.83077,110.06734,73.6,146.0369237
-7.82488,110.12216,153.5,136.1582555
-7.82336,110.15821,33.1,103.7419855
-7.82986,110.20266,54,92.8927981
-7.83207,110.25322,51.6,90.7880181
-7.84065,110.29518,135.9,91.385227
-7.83703,110.33632,72.9,88.602387
-7.82292,110.39634,84.8,88.6936247
-7.8291,110.43001,80.2,89.2731047
-7.81505,110.48062,95,69.794431
-7.83537,110.52559,389.6,90.670739
-7.82555,110.5619,347.5,99.053059
-7.83391,110.60554,239,99.277406
-7.82441,110.67087,561,112.971006
-7.82212,110.69816,212.1,88.08716
-7.82335,110.74917,133.6,96.01147
-7.77862,110.11316,679.8,165.404683
-7.80254,110.16225,73,92.392243
-7.78226,110.21783,84.1,112.1406361
-7.79929,110.24542,80.9,110.2703561
-7.78301,110.29346,101.7,114.384084
-7.78717,110.33412,109.2,105.199034
-7.76915,110.43891,137.9,89.021951
-7.77131,110.48525,177.4,84.304961
-7.75218,110.12372,701.3,169.269003
-7.75313,110.20869,97.8,115.9336661
-7.74568,110.24148,110.9,112.9776661
-7.73754,110.29942,144.5,114.334894
-7.73416,110.34068,166.9,102.121914
-7.74446,110.38314,175.5,100.587508
-7.73638,110.421,197.4,92.623168
-7.72615,110.47027,199.1,82.407836
-7.69752,110.15029,698.5,144.777996
-8.10514,110.69028,269.7,109.57996
-7.69572,110.19634,176.5,122.2084137
-7.6887,110.25709,157.6,109.9311237
-7.70254,110.28825,160.2,88.104533
-7.6902,110.34153,252.7,82.337423
-7.68685,110.38883,311.2,74.779493
-7.684,110.43671,341.3,72.677636
-7.69039,110.47494,291.8,75.423516
-7.66095,110.15628,494.8,115.693826
-7.65581,110.19684,736.1,165.0667837
-7.64873,110.24424,232.8,106.1807237
-7.65197,110.32641,322.8,78.830343
-7.65401,110.37715,406,74.628243
-7.6555,110.43472,479.4,79.408946
-7.6476,110.46884,498,79.548516
-7.60685,110.37271,601.8,65.275917
-7.60207,110.4227,835,84.217977
-7.59862,110.46569,910.1,76.280297
-7.95615,110.35263,16.9,107.2834773
-7.94104,110.15383,6.7,89.8637191
-7.74213,110.15959,587.5,146.624523
-7.91722,110.0838,4.2,101.9796974
-6.87485,110.20359,2.1,-13.15474384
-6.90691,110.20652,1.4,-14.04919384
-6.93843,110.2134,2.7,-14.78186384
-6.96619,110.21714,5.3,-16.31029384
-7.01133,110.22891,63.2,-20.8446282
-7.08211,110.21152,319.8,-19.824409
-6.93999,110.25288,1.3,-14.34785384
-6.98302,110.25308,40.8,-12.29497384
-7.04585,110.2641,238,-8.5523782
-7.09077,110.27205,274.3,-6.442674
-7.12819,110.28006,377.6,3.249236
-7.16347,110.25365,596.6,29.6558026
-6.97224,110.29743,5.9,-11.03368929
-7.00211,110.29657,144.4,-1.1773098
-7.0392,110.29859,230,0.8994302
-7.0771,110.30852,253.2,-5.235204
-7.12605,110.3028,435.3,18.398946
-7.18051,110.29092,582.7,30.383912
-7.21313,110.31311,929,35.699712
-6.98405,110.34413,14.7,-8.20329929
-7.04154,110.33777,213.7,2.9158202
-7.06845,110.36466,253.8,30.2065603
-7.09885,110.34883,350.5,31.693086
-7.12993,110.33942,494,30.063256
-7.21573,110.34617,1124.6,55.636262
-7.24733,110.35326,886.9,74.892877
-6.97951,110.39289,2,-6.94357756
-7.04696,110.39424,191.3,23.4032403
-7.07901,110.38753,287.6,32.31422547
-7.12561,110.39175,400.1,25.20382547
-7.16065,110.39364,446.5,-18.701736
-7.21261,110.39075,737.2,36.318134
-7.2606,110.39987,496.7,50.153167
-6.98305,110.44699,2.4,-6.50369486
-7.03273,110.4241,123.4,21.6917903
-7.0728,110.42797,209.3,32.2623203
-7.13337,110.44921,314,34.1069583
-7.16857,110.44036,463.8,48.3221042
-7.22371,110.43062,530.4,15.365584
-7.26127,110.43784,473,15.374634
-6.96367,110.46929,1.2,-6.32324486
-6.9835,110.4772,4.4,-5.95595486
-7.03772,110.48963,23.2,-0.5259176
-7.07114,110.46749,42.2,11.0362624
-7.10207,110.47735,252,26.5999183
-7.18498,110.49097,283.6,30.3461742
-7.22831,110.50239,295.7,31.2096342
-7.26487,110.46962,483.3,9.732794
-6.89946,110.52657,0.8,-6.60512701
-6.93315,110.53372,2.2,-6.50661297
-6.98997,110.5274,4.2,-5.33127297
-7.02397,110.5295,14,0.6080259
-7.07079,110.53576,23,3.6592759
-7.21269,110.52332,196.9,25.302459
-7.26065,110.51814,367,32.1034884
-6.84049,110.5703,0.4,4.88367299
-6.89017,110.5558,0.7,-6.05643701
-6.92257,110.57754,1.5,-4.74440297
-6.99145,110.56613,4,-72.82525297
-7.0339,110.57177,10.1,5.5464759
-7.1096,110.55627,36.4,6.1568268
-7.21622,110.58331,148.9,14.753789
-7.25858,110.56319,263.1,12.3345884
-6.7305,110.6058,1,8.0427551
-6.75416,110.60008,1.5,9.50663732
-6.79313,110.61571,2,9.88830732
-6.85482,110.60032,1.5,4.11237268
-6.94224,110.61265,2.9,-4.75790506
-6.97225,110.61485,4.6,-3.09340506
-7.02507,110.61913,7.1,9.3613663
-7.06984,110.62057,10.2,-6.6040837
-7.1585,110.63347,36.2,3.1615584
-7.26353,110.59637,188.2,-0.7411316
-6.71324,110.65736,0.7,17.3717751
-6.78768,110.6536,2.7,11.08977732
-6.84521,110.64259,1.8,20.55012268
-6.94567,110.66226,-0.9,6.40459494
-7.02701,110.66548,8.2,18.2285563
-7.05811,110.66871,10,24.6522063
-6.79465,110.69819,3.2,8.99824674
-6.85633,110.70502,3.1,13.64255882
-6.8966,110.69379,4.1,8.41850882
-6.95884,110.70164,5.1,11.0911285
-6.99779,110.69716,7.8,24.19494906
-7.02257,110.70031,9.2,24.32615906
-7.07548,110.70534,14.5,27.32107906
-7.10347,110.6961,16.9,21.1664528
-6.77267,110.7247,4.2,15.89170674
-6.84296,110.75201,4.1,14.20668882
-6.92991,110.75075,5.8,14.0931085
-7.00318,110.74472,10,35.99669906
-7.0332,110.73368,10.1,30.59137906
-7.06935,110.75117,11.2,28.98716906
-7.16971,110.76461,52.9,0.5854198
-6.85048,110.80375,4.1,13.88290265
-6.88989,110.79672,6.2,12.15768265
-6.95646,110.77996,9,19.02915785
-7.01125,110.8097,16.8,42.4791698
-7.06204,110.80439,15.1,27.7112198
-7.1223,110.79146,29.1,13.3584262
-7.04936,110.4395,198.8,26.2846524
-7.04837,110.44247,186.8,20.7115624
-7.13445,110.41981,308.4,35.26873547
-7.25759,110.41916,488.5,46.529907
-6.98779,110.41721,5.8,-5.68039756
-6.89472,110.63838,3.2,6.86259268
-6.236,106.83431,41,53.73838989
-6.85025,106.7644,409.4,113.322428
-6.83779,106.6583,656.8,121.886049
-6.76369,106.6601,1148.5,115.45007
-6.19294,106.97156,38,48.48725654
-6.09175,106.72531,31,57.02837632
-6.09494,106.71739,24.2,54.15811632
-6.09464,106.70761,38.8,56.66401461
-6.10403,106.708,20.2,50.43891456
-6.10397,106.71683,25.9,54.61108806
-6.10239,106.72803,20.8,53.71651806
-6.10392,106.73747,20.5,60.39472806
-6.10386,106.74389,26.9,61.77194806
-6.11311,106.68983,27.9,49.87320456
-6.11342,106.70767,20.5,49.94245456
-6.11275,106.71669,20.6,51.61721806
-6.11356,106.736,16.6,58.62670806
-6.11267,106.74403,15.8,58.42668806
-6.11247,106.75306,38.3,65.14760806
-6.11286,106.76217,5.6,60.42367806
-6.113,106.77111,41.2,71.30289806
-6.11289,106.78919,28.4,67.65287806
-6.10375,106.7905,37.1,69.81338806
-6.10364,106.80017,32.8,67.96197872
-6.09472,106.79094,34.7,66.89427632
-6.12178,106.70764,20.2,49.36016456
-6.12211,106.71686,26.8,52.59276806
-6.12214,106.72544,33,55.41650806
-6.12208,106.73581,19.9,58.14288806
-6.12178,106.75314,20.5,58.42387806
-6.12078,106.76217,24.8,65.97066806
-6.12181,106.78922,23.9,66.03309806
-6.12217,106.79822,20.8,64.93321872
-6.13125,106.68869,48,54.64254456
-6.13106,106.70797,3.1,42.69283456
-6.13114,106.717,35.3,54.57450806
-6.13153,106.73464,14.1,55.44131806
-6.13089,106.74411,24.3,58.97293806
-6.13211,106.75278,33.9,67.21367806
-6.131,106.77114,5.6,58.82697806
-6.13056,106.78931,14.1,62.77988806
-6.13081,106.81639,8.3,60.55843872
-6.13069,106.82531,43.4,71.82822872
-6.1405,106.69892,17.1,44.86468456
-6.14061,106.70778,15.9,45.70206456
-6.14008,106.717,16.1,48.04506806
-6.14017,106.73506,18,55.78998806
-6.14017,106.75428,17.5,56.29560806
-6.13997,106.771,23.6,64.38288806
-6.14,106.78025,18.1,63.31412806
-6.14003,106.78892,19.3,63.93406806
-6.13961,106.81633,35.1,68.92468872
-6.14928,106.68953,2.8,49.21095456
-6.14919,106.69972,6.3,51.52335456
-6.14939,106.70797,2.7,51.73796456
-6.14978,106.717,38.4,63.87434806
-6.14908,106.74414,16.9,60.32943806
-6.14917,106.75358,28.3,64.08758806
-6.14836,106.76222,16.8,61.22238806
-6.14903,106.77119,2.7,57.50596806
-6.14928,106.78028,41.9,70.11459806
-6.14931,106.78931,15.9,62.31625806
-6.14894,106.79833,15,61.88963872
-6.14894,106.80744,17.2,62.41891872
-6.14889,106.82544,31.8,67.66777872
-6.15844,106.69914,15.4,53.48539456
-6.15828,106.70806,10,53.53115456
-6.15744,106.71711,30,59.95361806
-6.15814,106.73517,28.9,62.57052806
-6.158,106.75319,14.9,59.47056806
-6.15847,106.77128,17.9,61.49781806
-6.15806,106.78042,47.9,71.51847806
-6.15797,106.78928,21.8,63.78159806
-6.158,106.79872,64.2,76.27651872
-6.15794,106.80817,19.4,62.39530872
-6.15878,106.81647,21.4,63.34667872
-6.15775,106.82547,47.1,71.71159872
-6.16678,106.69903,60.2,66.21734456
-6.16733,106.71711,63.8,69.34936806
-6.16711,106.72725,9,53.19361806
-6.16703,106.73517,5.1,53.19097806
-6.16717,106.77936,12.9,59.32663806
-6.16692,106.78939,9.8,58.80428806
-6.16697,106.79842,7.5,58.07732872
-6.16697,106.80828,12.5,59.21113872
-6.16692,106.82553,13.7,60.06261872
-6.17633,106.70819,36.5,58.56581456
-6.17633,106.71717,13.5,52.30541806
-6.17625,106.73522,14.5,54.74572806
-6.17642,106.74422,39.1,63.34794806
-6.17656,106.75269,41.8,65.12889806
-6.17631,106.76211,8.1,55.82848806
-6.17658,106.77133,39.9,66.13186806
-6.17614,106.77994,44.1,68.21713806
-6.17594,106.79839,45,67.48303872
-6.176,106.80767,49.1,69.09778872
-6.17553,106.8165,36.8,65.69911872
-6.176,106.82569,36.6,65.86830872
-6.18469,106.70806,68,67.42436324
-6.18586,106.71717,21.2,53.68113493
-6.18581,106.72639,39.9,59.60590493
-6.18481,106.73528,17.9,57.21249493
-6.18569,106.74378,33.2,59.85954493
-6.18511,106.75328,24.8,58.51715493
-6.185,106.77144,21.2,58.07774493
-6.18503,106.78944,20.9,59.29453493
-6.18506,106.80736,33.5,62.35015989
-6.18503,106.81647,26.9,61.57291989
-6.18472,106.83458,41.8,66.77941989
-6.19442,106.73544,40.3,59.89304493
-6.19433,106.74394,28.6,56.81230493
-6.19428,106.75367,35.9,60.04721493
-6.19428,106.76325,23.1,55.76509493
-6.19392,106.77147,20.4,56.57839493
-6.19367,106.78047,11.2,54.97262493
-6.19414,106.79736,30,60.68406989
-6.19453,106.80756,38.4,63.78010989
-6.19403,106.81658,22.7,59.52224989
-6.19408,106.82561,34.3,63.38289989
-6.194,106.83456,21.3,59.57055989
-6.20375,106.72758,10.5,48.28145493
-6.20336,106.74431,12.2,50.24390493
-6.20356,106.75339,13.1,49.79791493
-6.20358,106.76253,11.6,50.18438493
-6.20331,106.77142,12.1,50.19399493
-6.20236,106.78044,16.4,54.13006493
-6.20319,106.78969,17.5,55.41363493
-6.2025,106.79836,14.9,54.68003989
-6.20314,106.83475,24.4,56.77087989
-6.21231,106.74461,12.3,48.72136493
-6.21275,106.75342,11.9,49.04932493
-6.21228,106.76233,15,48.09560493
-6.21228,106.77169,13.7,50.07421493
-6.2125,106.78978,18.2,53.95937493
-6.21208,106.83469,3,49.75014989
-6.2215,106.73542,9,39.99411493
-6.22106,106.74361,7.7,41.93127493
-6.22142,106.75317,15.9,43.67613493
-6.22147,106.7715,12.8,41.76799493
-6.22133,106.78061,3.9,40.10272493
-6.22117,106.79819,14.4,45.50366989
-6.22197,106.80872,0.9,41.45982989
-6.22119,106.81664,18.1,47.64569989
-6.23061,106.73561,17.4,43.84069493
-6.23061,106.74439,7.8,37.69657493
-6.23036,106.77189,18,43.89081493
-6.23033,106.78958,11.5,43.86444493
-6.23033,106.79875,25.2,46.56029989
-6.23031,106.80767,7.5,43.79559989
-6.23006,106.81678,14.7,46.04355989
-6.23056,106.82575,14.8,47.28470989
-6.23947,106.75247,14.6,38.75374493
-6.24,106.76261,10.8,38.02012493
-6.23942,106.77203,17.2,40.94749493
-6.23939,106.80769,8.4,43.36679989
-6.23886,106.81672,10.8,45.14814989
-6.23925,106.82578,10.9,45.35142989
-6.24858,106.75353,10.8,38.53291493
-6.24844,106.76311,16.8,39.46821493
-6.24853,106.77158,15.9,41.61857493
-6.24853,106.78047,8.4,40.72285493
-6.24828,106.79014,14.8,42.20381493
-6.24825,106.79869,15.4,39.37547989
-6.24853,106.81678,11.9,41.55934989
-6.10319,106.91581,39,64.31156206
-6.10214,106.92569,20,54.39513206
-6.09989,106.93392,14,50.62542206
-6.10153,106.94233,32,54.48188206
-6.10239,106.95022,26,51.24293206
-6.10439,106.96589,25,48.37445995
-6.11397,106.88797,24,62.77458206
-6.11228,106.90581,21,60.38055206
-6.11303,106.92625,26,57.10004206
-6.11197,106.94108,25,53.04151206
-6.11031,106.95519,21,48.30814206
-6.11139,106.96894,24,47.75221995
-6.1655,106.969,39,56.97668995
-6.12139,106.86142,25,62.14491872
-6.12125,106.87992,25,58.63430206
-6.12094,106.93281,28,55.72650206
-6.11867,106.95314,28,51.72987206
-6.12169,106.96886,25,47.23428995
-6.13033,106.83442,22,59.19766872
-6.13061,106.85231,21,62.24354872
-6.13078,106.87056,26,61.96409872
-6.13008,106.88914,22,56.66915206
-6.13283,106.90769,25,58.75279206
-6.13119,106.96856,24,45.64382995
-6.13944,106.84339,22,58.93318872
-6.13917,106.86111,44,65.19106872
-6.13956,106.87972,21,56.03883206
-6.14081,106.89547,33,61.45999206
-6.14025,106.93406,28,53.84693206
-6.13956,106.94428,24,49.80511206
-6.13844,106.97061,33,53.45381995
-6.14997,106.83419,21,60.98243872
-6.14925,106.85261,38,64.51517872
-6.14875,106.8705,35,62.35849872
-6.14878,106.88883,41,63.62718206
-6.14825,106.92436,28,48.32348206
-6.14925,106.94069,20,48.84420206
-6.14792,106.97292,36,53.17828995
-6.15053,106.98036,19,47.04925995
-6.15764,106.84328,24,59.19137872
-6.15689,106.86117,20,57.85074872
-6.15675,106.88303,28,58.78022206
-6.156,106.89536,22,36.70208206
-6.14831,106.95464,29,47.22109206
-6.12944,106.95569,21,46.87264206
-6.12733,106.94122,17,48.43796206
-6.1305,106.92467,24,54.50864206
-6.15581,106.93997,46,59.43595206
-6.1565,106.96178,38,56.32101995
-6.15847,106.9785,29,45.27431995
-6.16658,106.93378,28,61.20115206
-6.16697,106.85253,14,56.21428872
-6.16783,106.87072,27,61.47161872
-6.16769,106.88903,35,58.65110206
-6.16019,106.93,26,46.83657206
-6.16664,106.94253,21,46.75867206
-6.16647,106.97758,21,41.88033995
-6.1895,106.84006,39,67.33257989
-6.17394,106.85164,27,63.65392872
-6.17614,106.8615,25,61.75399872
-6.17619,106.87078,31,62.74559872
-6.17594,106.88036,17,54.99447206
-6.17242,106.89803,22,54.03612206
-6.17567,106.91525,44,57.55619206
-6.17433,106.93461,20,42.58179206
-6.17514,106.94208,23,50.30246206
-6.17142,106.95169,30,50.37546206
-6.17561,106.97008,29,43.78435995
-6.17533,106.97917,28,43.01099995
-6.18547,106.84319,38,60.14165989
-6.18506,106.85314,23,61.67817989
-6.18494,106.86239,22,60.34172989
-6.18564,106.87111,45,66.57967989
-6.18461,106.87942,35,61.41637097
-6.18483,106.88894,19,54.35196097
-6.18436,106.89844,22,52.74732097
-6.18483,106.90739,27,52.39205097
-6.18408,106.92592,21,47.51396097
-6.18431,106.94411,28,45.74085097
-6.18322,106.9515,32,49.40693097
-6.18372,106.96172,32,48.72280654
-6.18483,106.97175,36,49.00641654
-6.18542,106.97872,30,46.24246654
-6.19297,106.85422,40,65.63427989
-6.19272,106.8805,37,59.98723097
-6.18953,106.89125,23,41.33624097
-6.19364,106.89772,25,53.88433097
-6.19419,106.90717,26,52.78245097
-6.19325,106.9175,22,49.66558097
-6.19192,106.93461,22,41.33129097
-6.19392,106.95183,22,42.27263097
-6.20269,106.84325,33,57.40492989
-6.20125,106.86167,32,62.43403989
-6.20294,106.8775,21,58.19495989
-6.20283,106.89792,25,54.71653097
-6.20378,106.90683,35,56.33573097
-6.20289,106.925,37,52.83048097
-6.20228,106.92606,33,46.58725097
-6.20194,106.95244,29,43.76880097
-6.20228,106.96044,33,35.83725097
-6.20417,106.97942,41,37.28625654
-6.21425,106.84306,34,39.68966989
-6.212,106.87492,33,61.85454989
-6.20839,106.89061,33,58.80891097
-6.21208,106.89781,44,61.39373097
-6.21153,106.91528,12,48.63407097
-6.21172,106.93444,41,47.69443097
-6.21164,106.95042,25,36.40584097
-6.20919,106.97078,38,37.54272654
-6.22261,106.83736,36,55.03492989
-6.22006,106.85103,35,55.65568989
-6.22056,106.87078,26,60.07713989
-6.22,106.88867,35,61.70124097
-6.22086,106.89831,40,61.68834097
-6.22108,106.90761,35,58.05027097
-6.22067,106.92481,37,54.81575097
-6.22097,106.94311,39,49.23744097
-6.22086,106.95192,28,42.88323097
-6.21889,106.96147,30,36.74451654
-6.22989,106.83514,43,61.53476989
-6.23028,106.84383,38,59.52338989
-6.22956,106.85311,36,62.10986989
-6.23161,106.88822,35,62.33564097
-6.23058,106.89767,47,64.62077097
-6.23058,106.91697,33,55.82815097
-6.23033,106.93358,38,46.75681097
-6.22858,106.95289,61,46.97224097
-6.23831,106.83544,40,55.52465989
-6.23914,106.85258,39,56.72973989
-6.23872,106.87078,26,53.71404989
-6.23928,106.88967,35,56.88637097
-6.23933,106.89767,58,68.58682097
-6.239,106.90747,41,56.79437097
-6.23889,106.92581,33,50.36645097
-6.23878,106.94278,31,41.15107097
-6.18533,106.76236,34.5,54.49787493
-6.2485,106.83483,15,45.02709989
-6.24822,106.84386,14.7,43.31992989
-6.24819,106.85292,8,44.18180989
-6.24761,106.86247,10.6,47.86589989
-6.24811,106.87097,8.1,49.52424989
-6.24789,106.90728,7.9,44.20117097
-6.24814,106.91611,6.3,41.86228097
-6.24803,106.92517,11.1,41.10648097
-6.24794,106.93414,10.7,37.61473097
-6.24778,106.94325,9.1,31.80383097
-6.24789,106.95222,11.9,30.54622097
-6.25758,106.75356,32.1,43.92388493
-6.25681,106.76992,12.3,36.88545493
-6.25772,106.78186,8.2,35.03175493
-6.2575,106.78972,11,37.51058493
-6.25822,106.82533,2.9,38.78136989
-6.25728,106.84389,18.8,43.24904989
-6.25758,106.85397,12.9,44.73149989
-6.25719,106.862,21.7,50.77621989
-6.26661,106.75353,17.4,36.5938191
-6.26631,106.76428,26.5,37.1494091
-6.26639,106.81594,31.3,41.0739188
-6.26558,106.82581,24.4,41.0893088
-6.26633,106.83481,37.4,44.9885188
-6.26539,106.84406,23.9,41.0086488
-6.26628,106.853,40.1,48.2831488
-6.26628,106.862,5.4,39.1491488
-6.26381,106.88703,4,43.7478586
-6.26611,106.90719,18.3,45.3081986
-6.26603,106.91622,0.9,38.2672886
-6.26594,106.92536,25.2,46.4319686
-6.27564,106.76272,5.3,30.3110691
-6.27564,106.78072,16.9,34.5427191
-6.27547,106.79881,22.3,34.7973788
-6.27456,106.84642,20.9,38.0129288
-6.27539,106.853,3.2,35.6115888
-6.27528,106.86206,16.4,39.5294088
-6.27411,106.87881,2.4,39.9923286
-6.27511,106.91625,12.9,40.9347586
-6.28478,106.77175,9.9,31.0822491
-6.28464,106.78031,4.2,28.9450491
-6.28447,106.80714,5.4,29.2429188
-6.28361,106.81808,6.7,29.6611688
-6.28442,106.84419,10.9,33.2220888
-6.28439,106.85306,13.5,36.2054588
-6.28397,106.86058,13.5,36.1136988
-6.28431,106.87119,12.8,36.4108988
-6.28417,106.90722,11.9,41.4284486
-6.28419,106.91619,10.7,38.7875386
-6.2935,106.772,2.1,28.1127591
-6.29322,106.79869,2.5,30.0357788
-6.29258,106.80742,6.7,29.6551588
-6.29353,106.81692,4.2,28.4445888
-6.29403,106.82522,4.7,29.9291488
-6.29347,106.835,8,30.2890688
-6.29339,106.86214,1,30.5992988
-6.29328,106.87119,13.8,34.9036188
-6.29342,106.88019,7.6,36.2192386
-6.29328,106.88919,9.2,37.6260086
-6.29322,106.89833,8.1,36.4575486
-6.29322,106.90742,8,37.1066686
-6.29314,106.91631,13.4,37.9355586
-6.3035,106.78956,16,37.1080091
-6.30347,106.80742,54,49.4454588
-6.30239,106.84417,57,49.5429688
-6.3025,106.86311,68,55.0171088
-6.30253,106.88014,72,56.5942186
-6.30239,106.91669,67,57.9932086
-6.31264,106.78139,92,56.7535591
-6.31097,106.79864,59,46.1916188
-6.31022,106.85286,54,49.2226088
-6.31131,106.87058,74,54.0162388
-6.31111,106.88953,66,52.7928386
-6.3115,106.90719,54,51.2400886
-6.31208,106.92583,63,53.3174686
-6.32025,106.86267,64,50.9425088
-6.319,106.87978,69,52.2036186
-6.32039,106.89789,63,51.0936786
-6.31961,106.9165,56,51.0377786
-6.33008,106.79908,78,55.4710488
-6.33014,106.86875,75,50.4735988
-6.32939,106.88894,75,51.1411086
-6.32972,106.9065,61,50.5020286
-6.33,106.926,67,51.0190286
-6.33839,106.88006,74,49.8944786
-6.33856,106.89844,81,52.9023886
-6.34044,106.91714,82,55.3539486
-6.34872,106.83489,77,48.7098629
-6.34722,106.87167,73,45.8845629
-6.34761,106.89006,82,49.0708127
-6.34747,106.90808,86,53.9185927
-6.34692,106.92589,83,53.0132327
-6.35769,106.80858,87,53.1895729
-6.36028,106.82308,83,50.1231829
-6.35608,106.84456,80,46.7402429
-6.35742,106.86061,13,24.6769429
-6.35678,106.8805,85,47.8953227
-6.35494,106.89836,77,49.9717927
-6.35622,106.91606,72,52.2526427
-6.36525,106.88942,96,52.7634727
-6.36508,106.90753,10,27.2038227
-6.32025,106.79067,76,54.6935391
-6.32031,106.80856,72,54.2213588
-6.3115,106.81697,66,52.1524688
-6.30258,106.82636,58,50.5079788
-6.3115,106.83619,92,58.9500288
-6.32033,106.82628,73,52.4697188
-6.32992,106.81611,75,57.6679488
-6.33836,106.80769,74,54.0323788
-6.34772,106.799,88,55.7659429
-6.34722,106.81697,89,53.8746029
-6.33847,106.82661,90,56.9502388
-6.32953,106.83519,78,53.4019088
-6.34803,106.85406,72,46.0697729
-6.33794,106.86219,73,48.0719388
-6.32922,106.85306,74,51.1230188
-6.33914,106.84417,81,50.3382188
-6.318,106.85317,61,51.2706088
-6.30236,106.90728,53,54.2412186
-6.30283,106.89747,50,50.4157086
-6.1845,106.91558,31,52.46346097
-6.146,106.90619,16,54.76152206
-6.15289,106.90619,28,50.88439206
-6.1045,106.69958,53.4,59.69075456
-6.10544,106.7535,24.9,61.35430806
-6.10539,106.76036,31.5,63.41307806
-6.1115,106.69772,17.4,47.90193456
-6.11303,106.78094,32.9,68.93962806
-6.11106,106.79661,23.4,65.51815872
-6.11256,106.80494,26.5,66.52668872
-6.09664,106.79964,26.9,65.11633097
-6.12072,106.68731,21.9,46.87531456
-6.12294,106.69964,39.7,53.93880456
-6.12433,106.74536,14.3,61.74081806
-6.12153,106.77214,15.5,63.31484806
-6.12278,106.78042,7.7,60.90261806
-6.12094,106.80881,15.7,32.98203872
-6.12253,106.81639,27.4,66.35415872
-6.1225,106.82447,24.9,65.54282872
-6.12978,106.69811,29.6,49.86951456
-6.13186,106.72669,18.3,50.68179806
-6.12928,106.76256,22.1,63.53447806
-6.13158,106.78019,23.4,65.28184806
-6.13267,106.80014,24.8,65.44740872
-6.12872,106.80647,13.7,44.98574872
-6.13914,106.69156,23.9,46.18033456
-6.13964,106.72694,11,46.99881806
-6.14136,106.74322,34.1,60.47821806
-6.13931,106.76261,23.4,63.61378806
-6.13942,106.79717,9.8,60.80667872
-6.13869,106.80678,22.5,64.67193872
-6.14031,106.82547,31.4,67.94885872
-6.14919,106.72608,7.1,55.32145806
-6.14931,106.73336,21.4,55.27444806
-6.15025,106.81469,18.1,45.93164872
-6.15853,106.68992,11.4,51.40861456
-6.15756,106.72694,34.3,62.25897806
-6.15856,106.74536,17.8,59.46520806
-6.16772,106.69108,53.9,63.07408456
-6.16781,106.70758,39.7,60.76799456
-6.16611,106.74547,41.4,65.98670806
-6.16647,106.753,7.1,56.18928806
-6.16669,106.76133,9.4,56.51520806
-6.16958,106.76936,32.3,63.24018806
-6.24003,106.78078,15,41.40634493
-6.16456,106.81489,24.4,47.61178872
-6.17653,106.72431,38,60.14619806
-6.17769,106.78703,32.2,64.11302806
-6.18422,106.78289,22.3,60.75243493
-6.18722,106.7975,28.2,61.34201989
-6.18389,106.82481,28.3,53.69718989
-6.19361,106.72711,10.5,50.04764493
-6.19444,106.78756,31.6,61.07645493
-6.20336,106.73606,9.4,48.38936493
-6.20222,106.80625,6.7,52.29360989
-6.20178,106.81597,16.1,56.28448989
-6.20369,106.82497,12.1,52.96245989
-6.21308,106.7275,14.2,48.37307493
-6.21239,106.73425,14.8,47.88171493
-6.21328,106.78008,15.5,50.43059493
-6.2125,106.79742,13.5,52.10401989
-6.2115,106.80619,9.9,51.56185989
-6.21267,106.81797,10.1,52.04092989
-6.21219,106.82714,18.2,55.56120989
-6.21967,106.726,13.1,40.98557493
-6.22114,106.76111,16.1,43.35332493
-6.22261,106.78947,9.6,43.85782493
-6.21894,106.8255,17,54.17973989
-6.22878,106.75492,14.3,43.59911493
-6.23006,106.76061,15,41.01035493
-6.22883,106.77847,9.3,39.51432493
-6.24058,106.78756,12.3,41.87197493
-6.23994,106.79756,11.1,41.44974989
-6.24886,106.80764,17.9,44.18548989
-6.12364,106.68006,30.9,59.35834456
-6.24942,106.88011,10.1,48.58061097
-6.25739,106.76064,21.1,39.68123493
-6.25803,106.79744,9.5,35.90291989
-6.25622,106.80825,14.6,40.36294989
-6.25739,106.81583,15.9,40.22149989
-6.25894,106.83458,30.7,47.13087989
-6.25783,106.87011,10.9,48.04908989
-6.25739,106.88158,14.5,49.02362097
-6.26544,106.77339,29.4,38.5918291
-6.26642,106.78219,16.6,35.3705291
-6.26519,106.78975,20.7,35.6504991
-6.26681,106.79725,37.1,40.5665088
-6.26494,106.80858,22.7,37.4269288
-6.26492,106.87217,16.9,43.3865088
-6.26642,106.88092,8.7,44.4380186
-6.27514,106.77333,11.8,33.2078191
-6.27564,106.78803,3.4,30.5144191
-6.27433,106.80883,2.7,29.8879588
-6.27614,106.81833,11.9,32.7131388
-6.27642,106.82653,9.1,32.8931188
-6.27397,106.83422,12.8,36.8435188
-6.27294,106.86964,4.1,36.3274488
-6.28456,106.76083,10.1,30.2083191
-6.28472,106.78856,7.7,32.0241491
-6.28242,106.80039,0.9,27.2836788
-6.28619,106.82689,6.1,31.8653088
-6.28572,106.83531,18.5,36.4431888
-6.28353,106.879,15.9,39.7160486
-6.29142,106.78231,6.8,29.5347891
-6.29253,106.78956,9,30.4022691
-6.29414,106.84433,10.2,31.1451888
-6.29333,106.85442,12.2,35.3286188
-6.30094,106.77392,19.4,31.4081391
-6.09675,106.9555,26,49.98729167
-6.11114,106.13234,35.795,60.0391297
-5.96878,106.05223,22.395,69.5906758
-5.97002,106.01307,19.535,64.24284813
-5.93489,106.0089,7.356,62.48619813
-5.90175,106.03073,15.433,61.4169293
-5.89364,106.05495,11.588,65.9790453
-5.91475,106.09144,16.615,70.9277453
-6.01112,106.0495,9.221,69.92320813
-6.06443,106.03505,76.857,66.6379858
-6.09621,105.99345,161.986,74.3460158
-6.05833,105.99052,104.046,72.2425658
-6.06612,105.90181,2.05,63.5118196
-6.0565,105.94642,49.182,68.6953096
-6.02841,105.96513,5.628,61.3516596
-6.01922,105.99663,15.498,55.6053458
-6.11166,106.0542,103.193,78.1186397
-6.14485,106.02623,276.031,90.6843593
-6.19255,106.0638,166.234,82.3851772
-6.22827,106.03469,334.462,88.2170317
-6.25645,106.00502,430.369,104.5498517
-6.28579,105.99972,465.51,79.686865
-6.32034,105.99399,394.145,84.437745
-6.32962,106.03704,282.509,77.739665
-6.13244,105.98592,329.563,96.5204593
-6.09595,105.95009,248.364,88.4890296
-6.0902,105.91167,15.519,67.5292796
-6.11003,105.88388,9.411,60.497556
-6.1881,105.90153,146.659,67.2424917
-6.22166,105.94416,114.077,69.8216817
-6.20738,105.98922,113.868,67.6419817
-6.37574,106.03372,146.876,69.422424
-6.37221,106.07563,127.354,73.478123
-6.37224,106.12158,96.004,69.992133
-6.37289,106.1749,34.674,56.9253921
-6.37253,106.22455,40.776,58.7911684
-6.19305,105.94034,89.114,57.4477517
-6.14967,105.89357,86.805,61.108502
-6.14682,105.85849,3.415,58.414326
-6.19431,105.84795,35.161,58.6016491
-6.22601,105.83362,15.47,65.1120191
-6.32786,105.83914,10.901,69.0007227
-6.28352,105.82791,1.396,74.4812727
-6.33077,105.941,244.927,71.863421
-6.32563,105.89846,168.351,63.905741
-6.36827,105.85546,25.599,66.3287892
-6.37812,105.9008,92.538,65.832666
-5.93781,106.04604,231.627,99.15224813
-5.96589,106.09535,1.14,73.1555658
-6.28549,106.11843,242.17,77.274684
-6.40236,105.99155,120.573,58.870134
-6.36152,105.82518,2.119,66.2785692
-6.46887,105.81573,-1.255,75.20193331
-6.52402,105.74105,0.881,88.6838774
-6.49857,105.6583,1.581,104.6344339
-6.56415,105.70112,58.243,97.7891533
-6.60076,105.71345,22.542,101.0808127
-6.56102,105.76058,13.529,91.9482274
-6.58704,105.76614,48.346,95.6613752
-6.55796,105.80269,5.149,90.8280274
-6.59312,105.81014,47.032,98.2188214
-6.56342,105.85513,7.983,86.7195007
-6.60535,105.86195,14.044,96.7610514
-6.51192,105.81279,0.671,80.9702907
-6.37929,105.94296,109.008,64.691376
-6.41295,105.88523,43.894,65.7240592
-6.42327,105.84966,2.342,64.8190592
-6.46688,105.85236,1.15,73.06136331
-6.50299,105.85454,9.953,77.82933331
-6.61528,105.90443,9.329,92.15415356
-6.59146,105.94384,40.299,83.78894356
-6.50862,105.98784,42.633,64.331037
-6.45465,105.99054,92.525,63.393332
-6.37723,105.98622,303.024,79.598864
-6.42335,105.98792,89.668,54.321894
-6.41654,105.94918,86.024,60.574026
-6.46645,105.93083,4.428,62.2550505
-6.45666,105.89404,6.457,65.6946405
-6.49351,105.89918,22.649,71.1386805
-6.50909,105.93855,13.039,67.8823996
-6.5539,106.00266,38.436,79.071317
-6.5466,105.94455,46.557,75.2715796
-6.54279,105.90652,19.629,76.4343096
-6.5591,106.04576,206.151,110.762557
-6.51417,106.03889,73.623,74.903497
-6.508,106.08493,112.733,79.7589254
-6.46343,106.12024,38.155,66.0695425
-6.36989,106.31342,70.083,62.1361295
-6.40302,106.31259,95.782,63.3915995
-6.37313,106.34944,58.969,62.1677395
-6.37124,106.40689,64.389,65.1795989
-6.41304,106.39669,85.001,63.7379989
-6.45746,106.40105,85.605,72.2504147
-6.50759,106.39214,145.817,81.974388
-6.5021,106.3345,144.803,96.3976049
-6.45598,106.33809,102.216,77.2238949
-6.40519,106.34212,84.756,61.3504195
-6.37495,106.25778,43.892,59.5569884
-6.40819,106.24461,47.198,60.5211584
-6.40444,106.21666,69.073,63.6806084
-6.43977,106.18556,76.857,63.3601534
-6.49981,106.13488,99.148,73.6826434
-6.46746,106.06611,76.776,67.6782925
-6.42232,106.13602,55.134,62.1396021
-6.40499,106.17641,41.561,57.6336921
-6.42074,106.08726,99.319,66.417363
-6.42379,106.0464,111.365,67.116982
-6.45972,106.03607,90,65.659502
-6.50648,106.17557,89.687,71.1749695
-6.5187,106.21052,126.84,76.0566395
-6.46767,106.21225,31.145,61.8048234
-7.7264,109.0229,3.1,101.7973181
-7.655,109.1526,4.1,73.04427333
-7.5297,109.0971,26.4,52.2345968
-7.5837,109.0141,16.7,49.4965419
-7.6181,109.02,16.1,55.8583119
-7.5927,109.2643,5,73.74983318
-7.5945,109.3173,13.2,87.81838138
-7.6138,109.3712,11.2,90.7987027
-7.6138,109.3972,18.4,96.3217727
-7.6473,108.9456,1.4,75.54242809
-7.6082,108.9256,2.2,49.8248901
-7.5794,108.9377,12,42.3707501
-7.4412,108.9399,76.7,43.2352575
-7.6651,108.9837,17.9,84.51330809
-7.641,108.9984,22.5,65.7611819
-7.6149,108.9815,9.9,50.9197819
-7.5833,108.964,44.1,45.6859319
-7.5044,108.9773,61.9,34.612663
-7.4763,108.9854,72.9,28.788182
-7.4244,108.9923,173.9,44.134152
-7.6901,109.0258,6.9,89.64030809
-7.5484,108.9919,43.3,35.209943
-7.5955,109.0206,8.4,48.9153719
-7.5613,109.0304,57.1,56.6719168
-7.5119,109.029,33.7,48.0748668
-7.4798,109.0321,63.8,50.5663368
-7.4204,109.0383,127.7,50.2619268
-7.6926,109.0629,3.5,86.94962945
-7.6576,109.0562,6.4,73.82006945
-7.6054,109.0588,18.4,55.0157799
-7.5695,109.0517,259,68.1359799
-7.5198,109.0727,26.4,49.0362768
-7.4819,109.0668,33.1,42.2587068
-7.4281,109.0708,60,48.6618168
-7.6813,109.1023,3.9,88.69312945
-7.6605,109.0938,3.4,74.99473945
-7.6204,109.1213,4.9,49.809839
-7.5581,109.1172,14.8,67.13890583
-7.5234,109.1063,22.1,52.2844068
-7.4753,109.1126,31,46.426128
-7.4308,109.1171,126.5,49.273478
-7.6756,109.1383,5.4,95.06480333
-7.6085,109.1465,7.3,61.662589
-7.5698,109.1583,9.3,65.183319
-7.5118,109.1403,18.6,52.06712583
-7.4805,109.1555,40.5,107.258368
-7.4297,109.1572,192.5,55.055678
-7.6851,109.1934,4.3,92.53851599
-7.6405,109.1778,3,63.746369
-7.6176,109.1967,3.8,59.78054318
-7.5387,109.1638,12.1,55.25064583
-7.686,109.2492,6.9,75.60979599
-7.6533,109.2414,6.2,67.88328599
-7.6164,109.2504,3.8,62.61896318
-7.564,109.2149,12.8,51.142538
-7.693,109.2972,4.6,75.2480455
-7.655,109.2933,5.5,70.9624155
-7.6156,109.2834,3,68.08010138
-7.5768,109.2829,94.1,93.14405138
-7.6995,109.3382,5.1,87.8169255
-7.6462,109.3415,1.5,83.33100138
-7.6139,109.3474,8.6,87.80941138
-7.5849,109.3305,36.3,94.46724138
-7.7097,109.3786,4.1,108.9387097
-7.6517,109.3779,1.6,93.94155965
-7.5998,109.3655,41,96.6208027
-7.5983,109.4,57.2,102.7980627
-7.635,109.4088,2.3,100.4582027
-7.6832,109.3984,2,113.8242697
-7.6585,109.4296,9,126.2945697
-7.6076,109.4244,12,103.3724227
-7.588,109.429,149.8,116.3011827
-7.7187,109.015,4.1,100.9908881
-7.33321,109.70979,598.9,50.068556
-7.43727,109.24354,69.7,55.7546155
-7.30728,109.29494,446.4,41.420887
-7.33991,109.28841,328.1,57.913973
-7.38405,109.33117,94.4,32.102283
-7.39537,109.28983,103.2,35.559003
-7.43574,109.28606,56.7,51.00012724
-7.47459,109.29374,31.9,60.12205724
-7.51683,109.29334,20.3,78.3937749
-7.51843,109.24476,274,89.444398
-7.5296,109.18944,16.6,54.53327583
-7.47973,109.19981,23.3,61.6732955
-7.48915,109.23506,18.3,51.422748
-7.52388,109.3284,27.1,88.9784449
-7.5085,109.36119,67,61.763536
-7.48975,109.40509,58,56.512086
-7.47494,109.42703,41.7,73.1039665
-7.47616,109.46404,48.7,64.2060483
-7.51875,109.47686,241.5,128.7932123
-7.47553,109.51268,78,71.2871483
-7.4658,109.56065,137.1,68.531784
-7.43693,109.55534,144.6,52.426514
-7.43758,109.5126,107.4,58.1245883
-7.47449,109.33545,30.9,67.36562724
-7.45261,109.38322,36.3,66.5950965
-7.44034,109.43225,45.8,62.7824965
-7.42782,109.46043,57.9,52.8671283
-7.38936,109.59766,225.1,40.844546
-7.39816,109.55763,168.8,39.220416
-7.39417,109.51548,140.8,45.505154
-7.39143,109.46885,93,38.720154
-7.39168,109.43146,36.5,39.408627
-7.38552,109.3794,38.5,36.417747
-7.42788,109.33801,36.9,51.04849724
-7.21215,109.42016,963.2,64.098387
-7.22341,109.3896,686.5,40.463777
-7.20976,109.3339,859.6,77.050386
-7.24914,109.33567,469.4,44.027907
-7.27272,109.37765,207.6,46.669415
-7.2987,109.38997,161.2,31.084995
-7.34794,109.38903,57.9,31.158967
-7.29623,109.33309,312.1,25.912577
-7.3432,109.33627,167.1,37.153863
-7.26774,109.42087,269.8,50.364975
-7.29105,109.42325,189.8,33.928545
-7.33446,109.43181,86.5,31.797197
-7.27224,109.47094,248.7,50.572807
-7.30042,109.47017,153.8,31.535007
-7.27974,109.5005,258.5,52.398477
-7.30218,109.51406,160.1,38.900067
-7.29193,109.5421,407.9,70.569567
-7.36586,109.47007,118.5,34.170224
-7.33359,109.51602,136.8,37.088234
-7.35712,109.54134,258.5,44.545656
-7.35481,109.59899,312.2,47.946846
-7.36793,109.6526,249.5,42.888118
-7.38731,109.69034,266.1,41.524296
-7.398,109.65304,254.8,50.663628
-7.38846,109.24313,149.8,43.270609
-7.34173,109.23828,384.3,70.727169
-7.3548,109.19814,313.7,63.223259
-7.39124,109.19996,127.7,39.433489
-7.43039,109.19981,84.6,57.4241055
-7.27555,112.81157,2.097,-8.27187671
-7.25866,112.80862,2.188,-5.47789671
-7.2583,112.79264,3.134,-4.50611671
-7.24177,112.7929,3.002,-1.76978671
-7.24177,112.7929,3.002,3.43031329
-7.22202,112.77792,3.69,2.20706036
-7.2413,112.77474,4.027,-1.36992671
-7.25786,112.77518,4.165,-4.11474671
-7.25841,112.75856,4.849,-3.92053671
-7.27381,112.75835,5.313,-6.76380671
-7.29174,112.75961,5.741,-10.66607671
-7.29149,112.77497,4.484,-10.58481671
-7.27447,112.7757,4.283,-6.74345671
-7.29197,112.7923,3.394,-11.31299671
-7.29197,112.80801,2.404,-11.88042671
-7.30812,112.79188,3.537,-14.75897671
-7.30889,112.81572,1.994,-16.53847671
-7.32484,112.79198,3.65,-17.55169076
-7.32514,112.80882,2.528,-18.48766076
-7.3403,112.77589,4.658,-21.83575076
-7.34255,112.80495,2.644,-22.19424076
-7.34177,112.79089,3.604,-22.21087076
-7.32508,112.77513,4.776,-17.00989076
-7.34112,112.75879,6.837,-20.57106076
-7.32692,112.757,7.054,-16.27536076
-7.3247,112.7417,8.852,-13.98672012
-7.30887,112.75886,6.299,-12.97144671
-7.30931,112.77536,4.619,-13.71139671
-7.24299,112.76147,4.333,-1.43239671
-7.24083,112.74146,4.662,-1.6855765
-7.26173,112.74094,5.737,-4.4101065
-7.27769,112.74186,6.491,-8.0294265
-7.29203,112.74045,7.321,-10.0990365
-7.30836,112.74092,8.114,-12.6195865
-7.34145,112.74255,8.964,-18.10807012
-7.34188,112.72386,11.398,-16.15039012
-7.32515,112.72461,10.97,-12.85746012
-7.30817,112.72537,9.688,-11.8445465
-7.30568,112.70884,11.145,-10.0702065
-7.29158,112.70654,10.058,-12.9097265
-7.2923,112.72433,8.661,-9.9095865
-7.25857,112.72544,6.21,-4.6587065
-7.2767,112.72269,7.653,-8.9641365
-7.26398,112.69273,8.146,-7.3393465
-7.2583,112.67493,8.243,-6.2355965
-7.25806,112.65845,9.078,-6.7241595
-7.27378,112.65852,11.449,-10.3501495
-7.29079,112.6625,13.529,-12.6245295
-7.30847,112.6578,16.859,-8.9971895
-7.32842,112.67899,16.98,-10.03897012
-7.3259,112.65794,19.482,-11.41450462
-7.32423,112.64088,23.015,-9.38778462
-7.31285,112.6347,22.398,-7.3740295
-7.29134,112.62806,19.895,-11.5651595
-7.27497,112.64139,14.609,-8.0589995
-7.26112,112.634,13.46,-8.8571095
-7.25854,112.62583,14.296,-6.5830495
-7.24155,112.62492,11.306,-2.8552195
-7.2081,112.62371,5.995,6.13349296
-7.22525,112.60791,10.429,3.34020296
-7.24365,112.61351,13.326,-3.3193895
-7.24245,112.64104,9.181,-3.3522095
-7.24321,112.66214,6.536,-4.1692995
-7.24457,112.67258,6.488,-3.8927165
-7.22598,112.67962,3.975,0.30443742
-7.22577,112.69541,3.938,0.37339742
-7.25932,112.70788,6.999,-5.3732265
-7.27475,112.6923,9.357,-10.3809765
-7.29186,112.67577,12.602,-13.8897165
-7.30929,112.67619,14.841,-10.1540465
-7.3082,112.68925,13.367,-9.5387165
-7.32481,112.6925,14.87,-10.63397012
-7.32505,112.70892,12.886,-12.40049012
-7.34309,112.69172,15.512,-13.37612012
-7.3432,112.67554,17.618,-11.90871012
-7.34571,112.65791,19.819,-10.58548462
-7.35748,112.65724,18.487,-10.43665462
-7.3588,112.67471,15.991,-12.44750012
-7.34214,112.70689,13.611,-14.47567012
-7.30461,112.62625,22.67,-7.6704995
-7.2747,112.62415,17.554,-11.9844395
-7.28866,112.641,16.986,-10.5147995
-7.27499,112.67544,10.414,-10.9467865
-7.29387,112.69215,11.484,-11.4276365
-7.27562,112.70775,8.498,-10.0949565
-7.20889,112.7417,3.196,4.19960742
-7.20892,112.7747,3.434,4.43431036
-7.23515,112.79481,2.847,-0.59326964
-7.2578,112.79199,3.169,-4.47842671
-7.22476,112.74128,3.853,2.04178742
-7.21445,112.6059,4.546,1.11389296
-7.1773,112.586,7.241,14.09794296
-7.21221,112.5938,4.328,5.27594296
-7.27778,112.7907,3.378,-8.12577671
-7.25779,112.792,3.64,-4.39981671
-7.35848,112.8069,3.255,-24.10544076
-7.33567,112.8201,3.086,-21.24903076
-7.35511,112.7473,3.318,-23.55940012
-7.36051,112.7757,3.312,-24.51349076
-7.35779,112.7584,4.282,-23.38306076
-7.34136,112.7612,4.826,-21.47849076
-7.3581,112.7443,4.686,-22.21929012
-7.35974,112.7265,6.256,-20.89032012
-7.36064,112.7074,6.434,-19.13113012
-7.3425,112.7079,7.76,-16.32223012
-7.25222,112.5893,12.976,-5.2277295
-7.27313,112.5892,37.475,-6.5147795
-7.29159,112.591,19.888,-10.8254795
-7.30807,112.5912,11.727,-13.0797195
-7.32694,112.591,24.193,-11.54246462
-7.34409,112.5919,28.616,-11.23478462
-7.29144,112.7575,3.998,-11.33844671
-7.2929,112.7926,3.488,-11.59610671
-7.27527,112.6087,40.272,-6.5133795
-7.2931,112.6081,29.472,-9.2527395
-7.30781,112.6065,12.271,-12.0758195
-7.32487,112.609,23.59,-9.95203462
-7.32397,112.6256,17.079,-9.84251462
-7.34518,112.6244,17.73,-10.02179462
-7.34697,112.6093,23.202,-9.88377462
-7.35801,112.6087,13.228,-12.13140462
-7.35371,112.6274,12.012,-10.91971462
-7.25742,112.7434,5.237,-4.4914565
-7.1913,112.6184,5.221,9.99829296
-7.22546,112.6243,3.738,3.52989296
-7.19095,112.6243,8.266,10.14413296
-7.19124,112.6426,6.259,9.96353296
-7.1954,112.6343,4.067,8.87384296
-7.19156,112.6563,4.415,9.87503296
-7.21189,112.6533,4.283,4.56203296
-7.23702,112.69157,5.195,-1.88305258
-7.22651,112.71037,3.992,0.51418742
-7.35823,112.6916,14.029,-14.74587012
-7.35592,112.67394,16.405,-11.92584012
-7.36028,112.64035,21.53,-8.04325462
-7.35725,112.59132,32.027,-11.06500462
-7.35725,112.59124,32.045,-9.29516462
-7.30559,112.64211,19.619,-8.5894395
-7.2582,112.64004,11.998,-8.0249695
-7.2582,112.64004,11.998,-7.9891695
-7.23247,112.7585,3.859,0.39478036
-7.2595,112.8097,4.859,-4.91934671
-7.27442,112.8199,3.066,-7.98858671
-7.31044,112.8227,3.479,-16.85403671
-7.26825,112.7562,5.205,-5.85318671
-6.7342,108.26294,42.102,12.9885845
-6.81667,108.13435,65.544,12.0347819
-6.7806,108.11268,46.219,21.1877642
-6.73974,108.13144,41.184,13.7595372
-6.73099,108.07606,54.849,21.4616648
-6.70142,108.09267,50.57,21.4750748
-6.66345,108.10595,46.47,21.605885
-6.70211,108.13141,35.939,18.0501172
-6.74558,108.21772,31.683,6.6112445
-6.78203,108.21743,54.746,-2.544949
-6.79283,108.16909,53.81,14.1162419
-6.81983,108.18705,72.944,21.1174819
-6.83558,108.23303,134.036,27.5619705
-6.82795,108.26784,174.929,14.428801
-6.78454,108.27065,76.357,-0.284979
-6.7985,108.32111,156.813,7.736015
-6.83552,108.32448,440.881,17.463039
-6.82615,108.36121,497.957,48.512005
-6.78307,108.3568,187.982,14.775185
-6.80283,108.40166,446.191,72.3618996
-6.79607,108.44121,268.89,49.5068896
-6.75511,108.40149,84.996,40.2852096
-6.73996,108.34494,58.119,26.39949188
-6.73295,108.31617,59.283,23.87283188
-6.70258,108.36277,34.521,25.54432188
-6.70418,108.41057,20.572,29.0786657
-6.70435,108.44896,19.308,25.7486783
-6.70895,108.48966,17.834,24.4609683
-6.61669,108.5225,0.776,25.04422024
-6.69527,108.54936,1.605,18.35397204
-6.74803,108.49027,52.561,27.0412683
-6.75605,108.44547,83.516,31.2839696
-6.7862,108.49163,188.31,42.5111707
-6.81122,108.46913,283.666,50.8194207
-6.82563,108.49571,339.095,51.7600107
-6.84753,108.50989,379.414,30.743816
-6.83437,108.53649,278.475,54.309353
-6.80139,108.52447,202.893,38.8228807
-6.75498,108.53771,20.991,23.2313454
-6.67946,108.14015,38.426,20.3001972
-6.68723,108.18552,26.246,17.3707572
-6.65493,108.17577,43.634,18.99588197
-6.61849,108.21277,22.005,23.63765985
-6.60591,108.25925,20.043,24.36685985
-6.56974,108.27736,16.173,26.57793183
-6.56616,108.30636,14.074,26.08632572
-6.65787,108.22602,21.443,18.48859985
-6.69745,108.2253,26.093,12.0192645
-6.70261,108.2771,30.201,17.1757145
-6.65237,108.31269,19.267,19.7814938
-6.60696,108.31224,19.058,23.7244538
-6.6066,108.35856,6.636,19.4482038
-6.66315,108.36744,18.795,25.9128647
-6.66312,108.3675,3.641,19.3115347
-6.69743,108.3213,30.766,23.59006188
-6.5648,108.50465,0.357,25.96238768
-6.60374,108.47927,1.672,24.35545024
-6.613,108.4272,2.552,22.6560147
-6.59704,108.39813,5.565,22.6902847
-6.64749,108.40744,12.474,23.0992747
-6.65078,108.45825,4.655,23.31127024
-6.65114,108.4866,3.412,24.08446024
-6.65345,108.53684,0.294,22.02896599
-6.56519,108.45377,1.698,23.65964768
-6.54674,108.43122,3.699,24.15094132
-6.51931,108.45109,2.597,25.33866768
-6.47007,108.39956,4.881,27.52495884
-6.46604,108.45479,3.197,25.58825239
-6.4321,108.43739,2.371,26.07453884
-6.39018,108.39943,1.475,27.20822312
-6.42808,108.39536,2.925,28.47246884
-6.48416,108.37238,7.751,27.39208884
-6.55991,108.35054,11.179,24.40774572
-6.52135,108.3903,7.278,24.02353132
-6.51548,108.34328,9.783,25.76480572
-6.47505,108.31813,6.276,29.3334465
-6.42612,108.30207,5.133,31.2987665
-6.37671,108.31448,2.867,31.1345835
-6.37552,108.37002,1.271,28.07486312
-6.43671,108.36453,3.464,29.2588465
-6.51341,108.28928,9.259,27.64110572
-6.52475,108.24847,13.519,28.04078183
-6.52056,108.21764,19.039,29.25568183
-6.53801,108.19343,19.926,26.4272462
-6.47595,108.22648,5.811,30.51057152
-6.47799,108.2563,6.365,30.41887152
-6.42266,108.2263,2.815,31.67318922
-6.39355,108.22453,1.182,34.36850922
-6.38392,108.26437,3.016,34.35548922
-6.73393,108.0023,344.457,55.665989
-6.5988,107.91138,98.019,10.18613
-6.59051,107.94951,57.905,8.60185
-6.60038,108.0305,56.908,16.2533935
-6.55898,108.08265,40.256,24.89228431
-6.53254,108.11766,27.783,26.93936431
-6.51015,108.09969,23.752,27.91237431
-6.50702,108.13937,21.72,27.0153062
-6.39543,108.1759,1.168,32.65497746
-6.46559,108.10721,12.509,29.55297779
-6.50589,108.03971,26.034,25.90587431
-6.50291,108.00475,28.25,24.16754847
-6.46781,108.03195,16.875,27.67987847
-6.4603,107.98841,20.89,25.60244847
-6.46055,107.9435,21.315,21.46939778
-6.45756,107.90591,24.397,18.59017778
-6.50388,107.92136,32.892,19.73982778
-6.49814,107.95973,31.309,22.25284847
-6.64673,108.05624,67.984,18.496135
-6.57641,108.04172,46.568,20.28595431
-6.56336,108.01797,43.129,20.52358892
-6.51641,107.9749,34.426,22.72204892
-6.53781,107.97038,38.702,21.20223892
-6.61443,107.99592,62.049,15.1074435
-6.64227,108.0062,81.811,13.9362035
-8.82567,115.11779,129.982,168.4308621
-8.82666,115.16307,152.054,167.0372538
-8.82663,115.20784,72.106,150.9340538
-8.69633,115.25843,1.92,91.8247971
-8.64636,115.25582,26.746,76.7347471
-8.63585,115.2131,35.48,74.9566543
-8.64605,115.16557,34.729,81.7742143
-8.69161,115.16185,7.809,90.1320843
-8.68965,115.20732,10.732,85.4570843
-8.60292,115.29537,48.425,69.5280361
-8.61228,115.25276,61.616,68.0126461
-8.60089,115.20684,84.096,74.1711544
-8.55174,115.21105,127.939,81.7541644
-8.56189,115.17157,111.538,81.8589644
-8.55664,115.1204,100.858,86.7804188
-8.56546,115.07183,41.856,84.4595488
-8.60476,115.10845,38.851,79.2186288
-8.60468,115.16446,83.313,76.2347144
-8.51894,115.20942,178.185,83.962652
-8.5121,115.24954,198.919,73.961184
-8.51045,115.2908,206.786,69.236594
-8.50043,115.34906,275.715,96.044244
-8.55561,115.38465,54.119,103.7196621
-8.51716,115.40019,161.6,107.975843
-8.56836,115.44677,4.509,100.897289
-8.56531,115.33568,69.983,84.0235321
-8.56596,115.29299,95.339,72.6866161
-8.55476,115.25233,130.779,76.0895361
-8.64597,115.11633,9.311,88.75602658
-8.50831,115.07792,134.517,82.667465
-8.50449,115.0293,129.018,96.001764
-8.50894,114.97733,32.997,110.9733806
-8.44875,115.02418,322.682,100.280838
-8.47103,115.07831,208.615,93.243835
-8.47307,115.1147,247.056,96.247925
-8.51509,115.11898,157.268,80.419795
-8.4622,115.29856,375.925,98.359934
-8.42559,115.30671,515.862,103.193138
-8.42132,115.34838,570.927,114.301433
-8.46207,115.35365,401.814,118.123074
-8.42767,115.3843,547.518,120.023963
-8.4687,115.39248,415.193,131.849954
-8.51546,115.16448,164.537,82.624712
-8.4671,115.16268,283.867,104.140612
-8.41896,115.16126,417.704,105.930384
-8.37119,115.17593,606.646,87.243746
-8.33991,115.16503,836.197,108.565846
-8.33467,115.20941,843.468,91.553236
-8.3938,115.21485,501.879,114.477644
-8.43134,115.20064,404.454,109.239154
-8.46371,115.21205,309.963,112.405352
-8.33598,115.25257,827.147,99.442428
-8.27796,115.28818,1125.578,94.754604
-8.24638,115.29177,1252.022,111.817424
-8.24324,115.32578,1494.264,133.15854
-8.20064,115.3305,1554.777,158.925184
-8.19578,115.29044,1334.308,163.748465
-8.20541,115.25517,1191.342,148.375505
-8.2417,115.24306,1225.02,112.310454
-8.28786,115.2395,964.395,78.937454
-8.46609,115.24807,319.151,94.113184
-8.4221,115.24431,445.702,97.190118
-8.38203,115.26466,624.959,108.785328
-8.32139,115.29565,954.248,107.370698
-8.29021,115.33088,1153.556,101.17019
-8.32722,115.34402,998.198,118.879678
-8.37643,115.34473,772.096,98.262008
-8.38068,115.2999,651.073,109.748178
-8.38557,115.38142,733.081,138.664923
-8.31852,115.38993,1133.583,148.777948
-8.26132,115.16363,1273.296,112.542
-8.28385,115.36501,1335.452,127.42
-8.28402,115.3647,1339.012,190.69309
-8.28189,115.16126,1279.225,104.32843
-8.24258,115.15023,1235.529,106.6879
-8.23758,115.11781,1366.375,90.91482
-8.24027,115.07398,1237.543,79.80664
-8.25996,115.35154,1089.516,243.85637
-8.20857,115.37525,1294.446,211.007784
-8.2299,115.40904,1049.092,231.07623
-8.1932,115.4373,359.63,198.763027
-8.1707,115.02148,10.105,52.66165062
-8.12698,115.19229,239.818,68.665053
-8.15163,115.16189,255.439,60.839185
-8.08914,115.12815,11.454,40.6884841
-8.15416,115.11037,204.294,78.5680378
-8.2009,115.14197,754.016,152.5570578
-8.41974,115.12065,432.118,110.963605
-8.36612,115.12557,738.115,124.740189
-8.42206,115.07378,521.904,117.988485
-8.39714,115.06795,653.361,134.109665
-8.42919,115.02947,418.138,110.996428
-8.39453,115.03641,584,127.252058
-8.34948,115.03366,821.233,155.392456
-8.30515,114.9832,560.871,150.244846
-8.32092,114.93574,766.208,174.592609
-8.42269,114.91678,466.735,135.069548
-8.38459,114.94139,662.886,152.666398
-8.42422,114.97585,504.594,133.869198
-8.46886,114.98291,357.115,131.558444
-8.47057,114.92367,5.218,105.5354706
