Lintang,Bujur,Tinggi_Ortometrik,FAA
-6.84082,107.56210,986.300,133.23339
-7.15656,107.36719,1650.300,247.04200
-7.18401,107.44871,1920.800,271.13971
-7.15542,107.56177,1266.100,164.30170
-7.19264,107.61471,1545.600,190.25273
-7.15480,107.69841,1240.800,143.22839
-7.15946,107.79109,1486.300,180.33743
-7.11766,107.43542,1312.600,191.12961
-7.11191,107.47136,1176.500,168.98886
-7.11287,107.55651,872.900,123.05218
-7.10395,107.70567,868.600,110.04249
-7.12149,107.77611,1248.700,150.47658
-7.05814,107.33920,1142.300,177.34132
-7.06309,107.39948,1299.900,194.83569
-7.07511,107.47145,1051.000,168.46225
-7.06747,107.51514,1066.200,155.59138
-7.07231,107.56547,753.700,108.53752
-7.07327,107.60742,879.600,119.56475
-7.06098,107.65043,935.500,132.95776
-7.06946,107.70264,761.200,110.57518
-7.07440,107.74781,706.600,93.64372
-7.07990,107.79315,891.300,117.25966
-7.06340,107.84283,1094.800,150.48709
-7.01084,107.34560,1049.000,154.06487
-7.03555,107.48248,1133.300,167.32974
-7.02679,107.51690,743.000,125.97434
-7.02134,107.56534,668.600,104.52920
-7.01901,107.59687,664.000,110.97028
-7.02105,107.64901,674.600,111.81754
-7.02561,107.69855,668.500,102.60493
-7.02628,107.74228,667.000,89.85726
-7.02959,107.79257,686.000,96.17945
-7.02210,107.83927,813.000,119.61248
-7.02240,107.87690,849.400,123.70052
-6.97359,107.38166,747.100,126.40985
-6.98334,107.42916,645.400,112.76694
-6.98136,107.56289,659.900,99.87570
-6.98308,107.60514,659.800,94.04742
-6.96953,107.63140,664.000,95.31829
-6.98313,107.69384,661.700,106.59280
-6.97476,107.75794,663.800,86.77297
-6.97283,107.84183,804.600,119.54378
-6.96332,107.88528,1076.000,153.28162
-6.93421,107.47853,660.200,105.72029
-6.93746,107.52394,683.000,127.92765
-6.93889,107.56230,684.500,103.80974
-6.93180,107.61110,692.200,93.70964
-6.73161,107.90737,375.400,52.85990
-6.70396,107.95790,315.900,44.72048
-6.64143,107.94734,82.400,20.39174
-6.71888,107.66079,839.300,127.89139
-6.83568,107.48840,709.800,95.52378
-6.68520,107.42987,524.400,76.77650
-6.62356,107.40399,225.700,68.16389
-7.04968,107.76153,673.700,90.71239
-7.03967,107.49607,800.900,133.59310
-6.82977,107.46639,707.300,96.46797
-7.03621,107.90715,733.700,112.84753
-6.96211,107.79267,671.800,89.91691
-6.83766,107.92782,473.400,67.05019
-6.93512,107.66096,673.300,98.90417
-6.93727,107.70159,669.700,108.34651
-6.93173,107.74965,774.900,104.71709
-6.92309,107.82875,870.600,110.36081
-6.89386,107.36172,679.100,94.54329
-6.87359,107.42750,703.400,87.72858
-6.89692,107.52291,723.200,119.81953
-6.88756,107.56893,767.600,104.06484
-6.88651,107.66972,820.100,108.64142
-6.90269,107.74359,974.700,125.47856
-6.90590,107.78166,819.000,100.11526
-6.88867,107.84037,782.800,97.88251
-6.89064,107.89344,880.900,116.89809
-6.87969,107.93490,487.400,78.25363
-6.83169,107.36893,367.300,41.09402
-6.84338,107.47473,717.400,83.76548
-6.84489,107.51883,811.700,102.71922
-6.84711,107.62835,1023.200,142.93724
-6.82534,107.68653,1257.400,176.13482
-6.85694,107.73248,1413.800,172.82151
-6.86245,107.79526,1034.100,122.60346
-6.84057,107.83344,917.600,111.24614
-6.84248,107.89996,501.000,64.89737
-6.79627,107.44227,497.600,48.50988
-6.77722,107.52406,1191.000,122.21472
-6.79754,107.57482,1318.400,202.39820
-6.80830,107.65001,1170.800,162.37313
-6.78833,107.69181,1207.900,183.34502
-6.81074,107.86150,692.500,88.38426
-6.79948,107.94985,605.400,82.44796
-6.74120,107.36152,310.800,38.80563
-6.76063,107.61834,1834.600,221.67426
-6.74135,107.75452,481.100,78.79512
-6.74625,107.80119,410.700,63.47972
-6.76194,107.84175,539.600,73.50014
-6.76315,107.88722,367.000,51.70341
-6.73973,108.01009,353.400,49.59778
-6.70272,107.46952,674.300,85.02154
-6.69813,107.51702,782.100,90.22077
-6.67521,107.56649,680.400,85.27807
-6.70472,107.69170,589.600,100.84522
-6.70724,107.75608,410.700,58.58770
-6.70169,107.79668,296.200,41.94614
-6.71404,107.82148,427.300,56.97991
-6.66513,107.61363,643.100,92.87438
-6.66934,107.66001,515.500,83.42934
-6.66298,107.69826,493.400,80.78946
-6.66435,107.75387,442.500,53.82838
-6.64903,107.79871,465.300,53.41464
-6.67451,107.91210,167.400,27.18844
-6.60294,107.47018,186.900,43.97023
-6.63252,107.52411,555.100,69.70683
-6.62183,107.57387,299.800,56.98618
-6.61236,107.67868,305.600,54.95214
-6.60344,107.73426,186.800,44.30906
-6.57035,107.76116,90.700,35.20847
-6.60020,107.85760,76.400,19.58037
-6.60589,107.94277,67.000,17.30094
-6.67298,107.47622,621.100,78.69038
-6.59024,107.42948,212.700,58.95681
-7.04935,107.76155,672.800,90.59184
-6.82647,107.61775,1256.800,165.26563
-6.75957,107.61901,1828.800,220.78731
-6.85991,107.92043,456.800,63.67098
-6.56998,107.90523,46.500,18.28915
-6.90073,107.62145,718.000,91.28261
-6.47334,108.22140,294.200,51.96944
-6.47244,108.22540,251.000,55.20072
-6.48273,108.21040,289.800,60.91133
-6.48313,108.22130,432.600,73.61725
-6.47465,108.20320,203.100,51.48789
-6.46544,108.21530,206.100,49.16996
-6.46499,108.22250,206.400,50.01166
-6.46419,108.23020,155.000,46.15868
-6.46393,108.23320,153.500,47.55081
-6.46409,108.24020,140.500,46.61393
-6.46316,108.24310,131.600,44.96486
-6.46211,108.24490,114.100,42.60297
-6.45599,108.25180,82.300,38.65804
-6.45431,108.26070,92.800,44.68376
-6.45513,108.25410,67.300,30.69407
-6.45257,108.26270,85.600,37.26578
-6.44262,108.26210,51.600,33.91827
-6.43364,108.26330,34.900,31.51237
-6.43041,108.27010,25.700,29.94660
-6.42072,108.27400,17.700,29.01075
-6.42113,108.28110,18.100,28.95604
-6.42225,108.28220,21.100,28.98988
-6.42414,108.28150,23.000,29.13866
-6.43071,108.28020,26.000,29.50321
-6.43305,108.27540,29.700,29.96867
-6.43594,108.27540,35.100,30.44796
-6.44292,108.27430,43.600,31.59219
-6.44535,108.27310,55.700,33.20929
-6.45244,108.27250,76.400,35.40788
-6.45517,108.26460,116.100,40.12029
-6.45255,108.27590,54.700,32.62570
-6.45324,108.28440,63.900,33.09236
-6.46257,108.26440,150.500,35.82200
-6.47012,108.26570,185.800,38.69822
-6.47414,108.27300,269.900,45.91132
-6.48240,108.27380,336.600,53.00603
-6.42285,108.26470,24.100,29.88414
-6.42307,108.26150,25.600,30.42288
-6.42241,108.25330,27.500,31.02274
-6.42220,108.25010,25.900,31.55294
-6.42152,108.24380,22.800,31.84940
-6.42042,108.24230,20.000,31.37691
-6.41528,108.24020,22.000,31.28734
-6.41437,108.23390,26.300,31.56322
-6.41399,108.23190,30.000,31.56323
-6.41425,108.22440,29.800,31.37628
-6.41349,108.22080,33.800,31.19652
-6.41093,108.21490,27.800,30.22518
-6.41473,108.21460,32.100,30.95682
-6.47554,108.20230,204.800,50.05476
-6.47387,108.21080,210.600,49.89914
-6.44589,108.23450,114.900,49.55652
-6.45249,108.24140,80.400,44.40188
-6.44478,108.22300,334.100,67.62274
-6.45494,108.21010,140.700,40.88005
-6.48304,108.22590,432.000,67.76385
-6.47184,108.24170,210.000,45.33489
-6.48188,108.24260,461.400,73.66306
-6.46422,108.25250,124.900,34.68490
-6.48054,108.25190,359.100,60.76968
-6.47349,108.25540,272.000,49.20277
-6.48486,108.24050,515.400,81.58222
-6.48349,108.22870,511.500,79.14604
-6.44226,108.25430,43.500,34.97458
-6.46255,108.21360,189.000,46.62886
-6.45269,108.25110,64.600,38.05955
-6.43332,108.25570,36.500,32.61281
-6.48160,108.19320,189.600,54.82953
-6.45075,108.21490,123.600,41.83485
-6.41403,108.24240,18.000,29.93731
-6.41437,108.25490,22.000,29.97555
-6.41087,108.26300,16.500,28.81738
-6.42001,108.27120,19.200,29.31811
-6.41232,108.27540,14.700,28.93261
-6.41502,108.27340,17.000,29.08874
-6.41245,108.28370,13.400,28.77862
-6.48288,108.21270,384.900,69.02709
-6.45435,108.24260,83.900,42.76507
-6.45406,108.21550,118.700,40.30538
-6.48304,108.26030,389.400,64.26304
-6.47452,108.26380,283.000,49.39793
-6.46405,108.26040,175.700,38.74242
-6.48030,108.21570,332.600,62.81362
-6.47469,108.23430,292.300,53.01561
-6.47448,108.24090,342.900,59.40097
-6.48445,108.26540,388.500,61.61669
-6.43197,108.20110,47.500,39.04623
-6.40514,108.22390,24.100,29.85851
-6.41116,108.25190,15.400,29.18194
-6.41484,108.26390,19.300,29.96249
-6.41153,108.27110,13.600,28.50877
-6.48542,108.19280,319.800,67.34851
-6.43526,108.28270,31.100,29.64657
-6.41373,108.17510,35.900,28.38011
-6.43040,108.21180,42.900,32.25745
-6.41187,108.20230,32.600,30.84842
-6.49156,108.26500,457.500,71.06328
-6.46156,108.19180,105.100,40.92533
-6.41229,108.16590,29.900,27.20637
-6.41384,108.16600,30.700,26.83236
-6.40598,108.19240,29.100,29.95553
-6.42136,108.20230,38.900,30.98363
-6.42124,108.19490,40.100,30.69655
-6.42111,108.19180,34.800,29.42273
-6.42360,108.18330,40.400,28.72189
-6.43038,108.18020,41.000,27.64121
-6.43234,108.17230,43.100,26.85028
-6.42157,108.16580,33.800,26.64476
-6.42563,108.16500,39.200,26.62069
-6.43228,108.16420,41.200,25.60484
-6.42369,108.19200,40.500,38.02096
-6.43484,108.18560,59.300,37.89196
-6.44120,108.18530,62.500,37.54224
-6.45098,108.19050,77.900,38.62039
-6.44500,108.20310,71.000,34.00028
-6.44161,108.20420,58.500,32.53898
-6.43479,108.20600,52.500,32.44342
-6.45276,108.20450,122.200,38.43216
-6.45485,108.20000,100.000,35.40588
-6.45128,108.20110,79.800,34.03098
-6.46355,108.20310,138.400,42.73646
-6.46493,108.20440,153.400,42.53977
-6.47165,108.20090,158.700,49.68051
-6.47177,108.19380,139.900,46.81374
-6.47511,108.19100,151.400,45.03684
-6.47237,108.19010,127.100,42.21970
-6.46592,108.18460,104.200,39.26955
-6.46282,108.18250,89.700,36.52519
-6.45428,108.18050,74.800,35.09683
-6.45172,108.17570,70.600,34.32160
-6.44547,108.17280,58.800,31.63402
-6.44224,108.17130,51.300,31.63328
-6.43542,108.17040,44.400,30.72984
-6.44014,108.15260,44.900,21.90943
-6.44207,108.15470,47.900,22.26693
-6.44579,108.16030,52.000,22.52805
-6.44559,108.16280,51.200,29.48507
-6.45196,108.16070,54.800,22.07845
-6.46169,108.16110,65.000,21.57178
-6.45293,108.16340,55.500,28.98505
-6.45552,108.17000,62.100,29.07069
-6.46437,108.16130,70.000,21.33152
-6.47155,108.16120,79.400,21.20894
-6.47501,108.15570,98.000,15.10184
-6.48005,108.16210,96.500,23.14689
-6.47100,108.17270,84.200,31.04205
-6.47453,108.17300,103.600,31.37053
-6.48103,108.17300,122.400,29.12365
-6.48488,108.17140,144.800,31.23167
-6.48337,108.16430,119.400,27.35010
-6.48130,108.15320,104.100,16.03811
-6.49262,108.20430,477.700,78.40748
-6.49475,108.19230,445.200,78.84168
-6.49551,108.17260,248.300,36.00058
-6.49201,108.17130,188.200,28.23667
-6.49209,108.16290,157.900,25.56027
-6.48115,108.17490,176.800,32.31679
-6.48277,108.17520,203.900,45.34078
-6.49086,108.18120,269.800,54.46237
-6.49472,108.18340,361.800,80.52626
-6.45258,108.23020,261.900,63.02620
-6.48167,108.24510,433.300,70.24286
-6.46495,108.15420,69.500,19.32545
-6.47257,108.22530,256.600,55.40697
-6.32847,106.07904,268.600,107.84914
-6.33297,106.12762,152.200,83.79367
-6.34196,106.17378,102.500,73.38124
-6.33654,106.20814,75.300,66.34042
-6.33470,106.30688,63.200,71.19088
-6.32570,106.34617,64.700,71.95178
-6.32892,106.39132,56.000,67.79203
-6.32558,106.44053,64.600,67.59327
-6.32496,106.48536,64.400,65.87376
-6.32548,106.53133,58.300,64.31009
-6.32586,106.57903,67.400,67.90226
-6.32686,106.62596,65.600,70.39676
-6.32379,106.66390,68.500,60.57274
-6.33194,106.70835,71.000,59.50370
-6.28446,106.08573,627.300,135.17570
-6.28654,106.12482,236.500,95.40430
-6.28382,106.17065,130.100,73.28798
-6.28153,106.21515,77.600,63.49356
-6.29055,106.27261,32.400,59.14084
-6.27129,106.31025,40.800,63.94193
-6.27745,106.34593,56.500,66.12880
-6.28622,106.39715,37.800,63.28311
-6.28101,106.44379,49.400,66.06687
-6.27947,106.48774,49.100,68.15442
-6.28257,106.53256,56.100,74.33495
-6.28155,106.57624,55.000,71.86532
-6.28509,106.62400,54.000,63.81715
-6.27915,106.66871,49.900,47.20770
-6.28230,106.71099,47.600,51.24582
-6.23731,106.07700,436.500,103.31950
-6.23618,106.12770,170.000,78.45754
-6.23618,106.16962,118.500,73.59726
-6.24152,106.20839,77.200,70.83191
-6.23940,106.25813,56.000,68.27761
-6.23787,106.31350,31.600,66.96371
-6.23776,106.35369,46.400,68.91548
-6.22873,106.39675,36.200,69.56182
-6.24417,106.44330,40.500,66.19895
-6.23858,106.48903,39.900,66.77259
-6.23912,106.57771,47.500,66.32863
-6.23788,106.62175,41.700,47.39198
-6.23729,106.66557,38.900,49.43895
-6.23618,106.71338,41.500,53.10332
-6.20497,106.07834,207.300,84.97939
-6.18758,106.12808,123.900,76.42680
-6.18716,106.17533,76.900,67.19368
-6.19468,106.21567,59.700,73.37779
-6.19207,106.25042,53.100,76.26046
-6.19509,106.30728,26.500,70.28910
-6.20187,106.35070,37.300,67.87253
-6.19641,106.39497,33.900,69.60839
-6.19389,106.43968,35.300,70.69939
-6.18996,106.48981,37.500,70.34462
-6.19087,106.52973,41.100,68.58856
-6.18829,106.58016,33.700,51.75359
-6.19507,106.62021,35.100,44.37482
-6.19076,106.66602,31.200,50.58397
-6.18887,106.71440,25.500,54.21056
-6.14820,106.08235,237.900,100.76116
-6.14571,106.12922,77.100,71.95332
-6.14902,106.17072,50.200,65.13429
-6.15430,106.21790,41.500,71.32670
-6.14815,106.26330,32.700,76.04772
-6.14688,106.30898,24.200,68.77763
-6.15227,106.34636,31.700,69.11986
-6.15223,106.39457,26.600,67.47595
-6.14632,106.44178,30.600,71.91444
-6.14114,106.48711,31.200,70.32905
-6.14666,106.52993,31.200,68.42317
-6.15182,106.57318,30.000,52.14361
-6.14631,106.61879,29.500,48.92500
-6.14659,106.66710,25.100,53.49108
-6.14421,106.71369,21.700,58.87695
-6.10097,106.09227,84.800,85.64600
-6.10000,106.12720,47.000,73.81355
-6.10474,106.16970,34.700,65.70551
-6.09971,106.21716,25.700,66.69250
-6.10179,106.26239,26.200,68.78727
-6.10465,106.31063,28.200,65.68029
-6.10213,106.35297,22.000,66.79399
-6.10107,106.39503,25.100,68.83134
-6.10321,106.44619,20.600,69.09115
-6.10291,106.48582,23.400,70.17140
-6.10126,106.52363,24.500,67.74247
-6.09419,106.56783,24.800,63.07970
-6.10225,106.61252,23.100,57.57134
-6.10078,106.66746,22.900,57.74759
-6.10050,106.70811,20.000,61.66752
-6.05829,106.08115,46.000,81.46648
-6.05976,106.12719,23.000,74.56721
-6.06115,106.17438,22.300,71.23477
-6.05438,106.20743,20.000,68.39267
-6.06171,106.26263,19.400,68.33876
-6.06009,106.30987,21.400,70.51694
-6.06560,106.35680,20.000,70.43037
-6.04782,106.40224,21.500,68.54976
-6.07307,106.44195,19.500,68.97443
-6.06137,106.50753,19.700,69.55783
-6.06400,106.55288,21.600,68.11469
-6.05868,106.58451,20.900,63.02924
-6.05628,106.61656,19.400,61.09149
-6.05144,106.66766,20.700,63.19437
-6.01375,106.07905,19.900,76.90735
-6.01354,106.26779,17.800,71.64290
-6.00572,106.30783,18.700,71.95754
-6.00231,106.34489,18.100,70.63622
-6.23417,106.52640,45.600,69.43835
-6.11744,106.15177,42.400,65.61065
-6.73100,106.80000,483.600,100.66418
-6.77100,106.79000,502.700,116.99848
-6.82500,106.76000,455.900,139.60753
-6.72400,107.07000,811.600,136.29467
-6.77100,107.06000,965.000,160.78074
-6.69700,106.79000,527.400,101.05642
-6.69100,106.84000,504.800,91.05526
-6.69000,106.90000,738.600,116.16401
-6.68600,106.93000,901.200,140.96309
-6.69800,106.98000,1330.900,199.99912
-6.64300,106.53000,616.600,131.65368
-6.65500,106.55000,613.200,131.54542
-6.63200,106.67000,412.700,97.97962
-6.64700,106.72000,563.800,106.85260
-6.64400,106.76000,450.900,97.49364
-6.64600,106.84000,422.700,93.42685
-6.64400,106.80000,335.100,81.11541
-6.65000,106.90000,600.700,113.74068
-6.58200,106.50000,453.200,121.50210
-6.59700,106.53000,299.200,104.24267
-6.59500,106.57000,516.800,120.68792
-6.59100,106.70000,241.900,83.13613
-6.58700,106.74000,204.100,77.85827
-6.59600,106.80000,255.200,81.01940
-6.58700,106.84000,230.400,81.27793
-6.59900,106.89000,437.300,106.72441
-6.56400,106.99000,351.800,93.96833
-6.59800,107.02000,463.600,106.40376
-6.58100,107.08000,441.700,93.92259
-6.56500,106.58000,214.000,88.93587
-6.55800,106.71000,175.200,71.86017
-6.55700,106.75000,179.700,69.57995
-6.55600,106.80000,192.800,69.70484
-6.53800,107.03000,210.200,73.32434
-6.54100,107.10000,275.200,75.18051
-6.52400,106.63000,130.700,66.66475
-6.51500,106.67000,131.000,62.11037
-6.50400,106.70000,123.700,61.52986
-6.50500,106.76000,150.200,60.32129
-6.50600,106.80000,148.500,59.31613
-6.49900,106.83000,139.400,61.43854
-6.48100,106.98000,116.400,57.65177
-6.50900,107.04000,190.300,64.46054
-6.47200,107.08000,92.800,45.13712
-6.48400,106.47000,114.000,83.46012
-6.45600,106.50000,92.900,80.51060
-6.43000,106.55000,89.200,77.29079
-6.46100,106.64000,100.000,73.29200
-6.48500,106.68000,114.200,67.07165
-6.47800,106.72000,119.800,62.90214
-6.46000,106.79000,108.800,55.73914
-6.46500,106.85000,122.400,55.81730
-6.44800,106.99000,84.200,50.73548
-6.44700,107.03000,63.000,44.64003
-6.44400,107.06000,59.500,40.83970
-6.40600,106.68000,78.500,65.88767
-6.42200,106.71000,95.700,65.33804
-6.40800,106.93000,84.800,52.02283
-6.36300,106.68000,67.500,58.21791
-6.37100,106.70000,69.100,58.28299
-6.37900,106.94000,73.700,49.64414
-6.50300,107.13000,84.000,52.83283
-6.86900,106.77000,381.700,143.71299
-6.80800,107.12000,535.200,113.11790
-6.67700,107.03000,1150.900,163.07180
-6.75500,107.19000,350.100,85.27788
-6.80800,107.16000,370.300,85.31364
-6.86900,107.09000,546.300,120.53436
-6.49000,106.84000,139.200,59.18910
-6.89700,106.81000,464.100,153.20953
-6.85800,107.10000,509.000,114.80560
-6.44706,106.77862,114.700,58.11124
-6.43852,106.82233,107.000,59.69552
-6.45048,106.86931,109.300,57.66521
-6.39560,106.74290,88.200,61.45024
-6.39924,106.77855,85.700,57.79572
-6.39376,106.81491,85.400,53.60245
-6.39975,106.86161,90.000,50.15316
-6.40824,106.93547,84.000,51.92103
-6.35409,106.77565,68.500,54.37343
-6.43898,107.07382,63.600,39.61647
-6.44306,107.12771,56.200,37.06971
-6.43210,107.19227,34.300,47.65802
-6.38028,107.03599,59.300,43.22260
-6.39916,107.10090,53.600,36.03632
-6.39142,107.13329,54.200,37.04600
-6.37194,107.18200,52.800,43.89160
-6.34496,107.00593,43.700,41.27717
-6.34619,107.05393,43.000,36.92668
-6.34054,107.10197,35.100,36.40932
-6.35188,107.14072,33.500,40.14076
-6.33537,107.19145,24.500,37.47871
-6.29899,106.95898,35.500,41.66221
-6.30668,107.00296,29.900,34.72190
-6.30585,107.03811,30.300,33.43174
-6.30673,107.11250,29.400,36.15654
-6.30056,107.14508,28.200,36.89740
-6.32118,107.25414,14.600,36.32218
-6.25982,106.97084,17.900,35.10562
-6.26122,107.00405,18.700,32.05527
-6.25330,107.05399,13.200,31.46175
-6.25512,107.09616,12.800,33.38272
-6.26000,107.13873,17.600,35.46947
-6.25998,107.18289,11.400,36.94554
-6.25255,107.23409,10.800,34.07535
-6.26200,107.27217,12.200,34.32308
-6.20656,107.00340,13.800,32.47583
-6.21256,107.04650,10.800,32.14326
-6.21494,107.08916,9.700,33.29746
-6.20713,107.13917,9.400,33.97624
-6.20724,107.18828,9.300,33.88323
-6.21041,107.22150,8.800,31.76741
-6.21373,107.27229,9.800,29.46180
-6.16798,107.00516,4.100,35.10594
-6.16977,107.04573,7.500,35.75126
-6.16229,107.09360,4.500,35.30895
-6.16444,107.12893,5.500,34.22635
-6.16475,107.17657,6.900,32.24265
-6.16993,107.23172,6.400,25.36854
-6.16637,107.27668,8.500,21.02549
-6.11640,106.99558,2.100,39.63744
-6.12308,107.06217,3.700,38.88384
-6.11947,107.08432,2.500,36.66231
-6.12129,107.12570,4.100,34.62156
-6.12507,107.16316,5.200,32.88894
-6.10247,107.20724,5.300,26.69118
-6.08406,107.05499,2.200,38.71425
-6.08127,107.09136,3.200,35.52600
-6.07600,107.14359,5.800,33.70881
-6.04027,107.06841,2.200,38.90314
-6.02658,107.09979,4.200,37.15858
-5.98680,107.04693,2.200,47.36724
-6.24955,107.01551,20.900,31.71237
-6.31267,107.18132,18.200,37.58147
-7.35711,112.57200,18.800,-15.91720
-7.34833,112.50760,58.000,-13.44307
-7.34995,112.47520,47.400,-12.09291
-7.35045,112.42190,68.700,-5.41790
-7.34501,112.37300,53.000,-0.22095
-7.34280,112.28420,80.100,11.53675
-7.34063,112.24190,75.700,13.79782
-7.29470,112.56470,8.700,-11.34293
-7.29979,112.50830,14.600,-10.93684
-7.30082,112.46400,18.700,-5.72432
-7.30357,112.41660,27.700,3.69202
-7.31490,112.38370,34.300,9.96210
-7.29227,112.32820,72.800,35.61351
-7.29895,112.28940,68.800,37.57683
-7.28900,112.23510,94.600,44.74845
-7.25564,112.52110,8.800,0.11235
-7.24863,112.47310,12.600,9.15387
-7.25341,112.43200,21.600,16.75483
-7.24916,112.38060,40.000,28.52190
-7.24679,112.33890,50.300,36.33555
-7.24348,112.28630,59.500,43.75073
-7.23464,112.56290,12.300,2.70658
-7.21275,112.50470,13.100,15.00580
-7.21042,112.47560,16.100,19.07438
-7.21465,112.42440,33.100,23.71831
-7.20517,112.38240,31.000,24.96269
-7.21076,112.34040,40.400,29.01958
-7.21183,112.28710,42.800,34.41657
-7.19675,112.24230,35.700,27.74259
-7.16794,112.51320,9.000,17.97290
-7.15986,112.46140,15.200,18.03742
-7.16533,112.42480,11.200,16.70040
-7.17728,112.38290,23.800,19.68398
-7.16974,112.34330,15.600,17.23054
-7.15847,112.29240,18.200,16.07468
-7.16190,112.23870,16.600,16.14421
-7.12403,112.60090,9.200,19.45158
-7.12086,112.54640,1.900,16.07792
-7.13434,112.49250,2.700,15.16578
-7.13214,112.42610,5.700,12.34092
-7.13486,112.38150,5.000,11.56438
-7.12661,112.33480,8.700,10.71996
-7.11236,112.29820,7.200,9.54271
-7.11709,112.24690,10.300,11.06509
-7.08766,112.57210,2.700,20.57936
-7.07448,112.51520,2.500,15.56823
-7.06440,112.48110,2.300,12.96839
-7.06423,112.43460,2.300,7.46213
-7.07796,112.38230,3.300,5.28856
-7.07769,112.33640,3.200,5.66363
-7.07142,112.30020,4.100,6.82965
-7.06676,112.24040,5.800,7.27713
-7.03504,112.57070,12.800,32.47498
-7.03189,112.52020,9.300,28.67332
-7.03095,112.46680,2.600,19.91520
-7.03584,112.42140,2.400,11.38633
-7.03053,112.38310,2.600,10.10440
-7.03881,112.34950,2.300,7.35036
-7.02231,112.29820,4.100,10.63742
-7.02381,112.23220,5.500,10.59688
-6.99191,112.56450,3.500,37.35564
-6.98516,112.51860,10.500,42.10391
-6.97985,112.46600,11.000,45.04378
-6.97639,112.43190,10.200,46.46198
-6.98431,112.37740,6.500,37.17736
-6.98130,112.34030,5.700,37.18581
-6.98124,112.29560,5.500,30.75537
-6.95287,112.55630,3.100,36.40004
-6.93676,112.51130,38.100,43.87517
-6.92911,112.46920,26.600,46.59967
-6.93385,112.43710,51.700,52.55712
-6.93983,112.40940,68.200,57.11234
-6.93545,112.33670,32.900,53.17793
-6.94039,112.29920,28.700,52.73438
-6.92470,112.23590,54.700,50.72091
-6.88489,112.45160,2.300,36.65836
-6.88335,112.39110,11.900,39.52550
-6.89762,112.34080,29.800,44.89595
-6.90006,112.29490,45.500,44.52100
-6.89511,112.24120,45.000,44.04300
-7.03275,112.14550,8.600,17.25835
-7.11778,112.44450,3.700,10.33197
-7.16134,112.62370,34.800,17.65610
-7.19417,112.64560,4.500,9.20708
-7.16045,112.16700,13.600,14.15025
-8.16965,110.76828,164.600,128.90542
-8.14253,110.60497,7.400,113.70676
-8.13273,110.65664,188.800,135.03089
-8.14937,110.70238,207.100,134.84020
-8.13771,110.74538,250.300,135.69196
-8.08428,110.48817,178.400,143.11960
-8.10198,110.51679,109.600,130.83359
-8.11422,110.56111,68.500,118.79598
-8.09562,110.61254,219.500,130.62367
-8.09796,110.66935,261.400,134.74047
-8.10917,110.75682,296.100,140.93106
-8.03080,110.36842,233.600,148.75946
-8.06397,110.43170,217.700,155.17188
-8.05249,110.48934,256.600,151.70856
-8.05187,110.53478,283.500,139.79868
-8.06365,110.57838,244.000,134.60942
-8.06296,110.62310,257.800,132.17710
-8.05708,110.65143,251.300,130.97754
-8.06493,110.70199,292.300,132.10865
-8.06533,110.75780,358.000,139.91113
-8.00887,110.30228,8.700,119.15922
-8.00392,110.34721,343.300,161.09515
-7.99981,110.38180,325.800,151.43481
-8.01548,110.41866,305.200,154.47562
-8.01448,110.46374,331.900,156.63319
-8.00593,110.51920,158.900,122.78637
-8.00253,110.56087,171.100,116.40748
-7.99994,110.60167,159.600,112.42135
-8.00072,110.65911,169.900,115.22197
-7.99779,110.69759,200.000,116.82765
-8.01761,110.74260,368.000,137.79972
-7.95207,110.18994,4.200,84.90750
-7.96901,110.25522,9.900,84.77862
-7.95656,110.30441,16.600,94.42520
-7.95193,110.39037,22.600,105.95213
-7.97830,110.43327,302.400,139.95453
-7.97663,110.47515,112.800,115.25053
-7.95757,110.52109,173.200,112.34005
-7.97125,110.56396,175.000,113.87739
-7.95388,110.60483,191.200,110.47845
-7.95654,110.66088,184.000,110.15984
-7.97535,110.76024,455.900,140.14401
-7.92295,110.11660,6.100,97.53206
-7.90288,110.15373,4.400,94.77047
-7.91744,110.19508,7.300,88.07812
-7.92827,110.25157,14.800,82.87730
-7.90028,110.29782,34.100,85.02441
-7.92607,110.34174,26.000,86.65956
-7.91978,110.38113,32.700,94.96302
-7.93139,110.41942,340.700,128.82729
-7.91953,110.46927,220.600,113.37193
-7.92188,110.52193,201.500,107.36736
-7.91359,110.55567,210.600,104.59070
-7.91944,110.59815,172.300,101.67236
-7.91803,110.65840,173.900,102.48101
-7.91588,110.68762,186.600,102.46482
-7.91619,110.74795,376.900,136.34668
-7.86969,110.06512,10.500,128.44701
-7.88564,110.11622,5.600,106.95375
-7.85861,110.15824,16.800,102.53289
-7.88217,110.20574,27.400,93.38968
-7.87469,110.25679,34.700,87.64667
-7.87241,110.30239,127.100,95.10088
-7.86322,110.33902,58.400,90.56454
-7.87388,110.38154,50.400,88.72394
-7.87411,110.41464,54.000,98.05982
-7.88259,110.45161,375.300,120.10725
-7.85772,110.51454,269.400,109.45246
-7.88047,110.57514,129.700,97.12639
-7.87133,110.60897,209.000,104.64284
-7.85830,110.64611,191.900,99.69189
-7.86429,110.68947,174.800,97.48624
-7.86586,110.74036,187.100,113.85531
-7.83077,110.06734,73.600,151.11869
-7.82488,110.12216,153.500,142.99065
-7.82336,110.15821,33.100,110.57438
-7.82986,110.20266,54.000,100.28929
-7.83207,110.25322,51.600,98.18451
-7.84065,110.29518,135.900,103.58303
-7.83703,110.33632,72.900,100.80019
-7.82292,110.39634,84.800,96.35758
-7.82910,110.43001,80.200,96.93706
-7.81505,110.48062,95.000,94.21801
-7.83537,110.52559,389.600,113.97469
-7.82555,110.56190,347.500,122.35701
-7.83391,110.60554,239.000,116.50764
-7.82441,110.67087,561.000,130.20124
-7.82212,110.69816,212.100,104.06960
-7.82335,110.74917,133.600,111.99391
-7.77862,110.11316,679.800,193.25152
-7.80254,110.16225,73.000,120.23908
-7.78226,110.21783,84.100,120.96726
-7.79929,110.24542,80.900,119.09698
-7.78301,110.29346,101.700,127.46309
-7.78717,110.33412,109.200,118.27804
-7.76915,110.43891,137.900,103.67454
-7.77131,110.48525,177.400,98.95755
-7.75218,110.12372,701.300,197.11584
-7.75313,110.20869,97.800,124.76029
-7.74568,110.24148,110.900,121.80429
-7.73754,110.29942,144.500,127.41390
-7.73416,110.34068,166.900,115.20092
-7.74446,110.38314,175.500,115.88830
-7.73638,110.42100,197.400,107.92396
-7.72615,110.47027,199.100,111.59463
-7.69752,110.15029,698.500,180.85400
-8.10514,110.69028,269.700,138.52229
-7.69572,110.19634,176.500,119.79656
-7.68870,110.25709,157.600,107.51927
-7.70254,110.28825,160.200,109.09093
-7.69020,110.34153,252.700,103.32382
-7.68685,110.38883,311.200,102.34404
-7.68400,110.43671,341.300,101.86443
-7.69039,110.47494,291.800,104.61031
-7.66095,110.15628,494.800,151.76983
-7.65581,110.19684,736.100,162.65493
-7.64873,110.24424,232.800,103.76887
-7.65197,110.32641,322.800,99.81674
-7.65401,110.37715,406.000,102.19279
-7.65550,110.43472,479.400,108.59574
-7.64760,110.46884,498.000,108.73531
-7.60685,110.37271,601.800,108.29287
-7.60207,110.42270,835.000,127.23493
-7.59862,110.46569,910.100,130.79500
-7.95615,110.35263,16.900,107.31796
-7.94104,110.15383,6.700,91.42164
-7.74213,110.15959,587.500,174.47136
-7.91722,110.08380,4.200,103.08638
-6.87485,110.20359,2.100,-12.63818
-6.90691,110.20652,1.400,-13.53263
-6.93843,110.21340,2.700,-14.64103
-6.96619,110.21714,5.300,-16.16946
-7.01133,110.22891,63.200,-15.16502
-7.08211,110.21152,319.800,5.94304
-6.93999,110.25288,1.300,-14.20702
-6.98302,110.25308,40.800,-12.15414
-7.04585,110.26410,238.000,-2.87277
-7.09077,110.27205,274.300,9.64519
-7.12819,110.28006,377.600,19.33710
-7.16347,110.25365,596.600,37.95575
-6.97224,110.29743,5.900,-11.47554
-7.00211,110.29657,144.400,-3.41349
-7.03920,110.29859,230.000,-1.33675
-7.07710,110.30852,253.200,10.85266
-7.12605,110.30280,435.300,34.48681
-7.18051,110.29092,582.700,98.71465
-7.21313,110.31311,929.000,104.03045
-6.98405,110.34413,14.700,-8.64515
-7.04154,110.33777,213.700,0.67964
-7.06845,110.36466,253.800,26.76842
-7.09885,110.34883,350.500,47.78095
-7.12993,110.33942,494.000,46.15112
-7.21573,110.34617,1124.600,123.96700
-7.24733,110.35326,886.900,96.80733
-6.97951,110.39289,2.000,-7.06768
-7.04696,110.39424,191.300,19.96510
-7.07901,110.38753,287.600,32.24065
-7.12561,110.39175,400.100,25.13025
-7.16065,110.39364,446.500,32.32469
-7.21261,110.39075,737.200,87.34456
-7.26060,110.39987,496.700,72.06762
-6.98305,110.44699,2.400,-6.68116
-7.03273,110.42410,123.400,18.25365
-7.07280,110.42797,209.300,28.82418
-7.13337,110.44921,314.000,35.60797
-7.16857,110.44036,463.800,47.28848
-7.22371,110.43062,530.400,66.39201
-7.26127,110.43784,473.000,64.15647
-6.96367,110.46929,1.200,-6.50071
-6.98350,110.47720,4.400,-6.13342
-7.03772,110.48963,23.200,-2.35264
-7.07114,110.46749,42.200,9.20954
-7.10207,110.47735,252.000,28.10093
-7.18498,110.49097,283.600,29.31255
-7.22831,110.50239,295.700,30.17601
-7.26487,110.46962,483.300,58.51463
-6.89946,110.52657,0.800,-6.23766
-6.93315,110.53372,2.200,-6.71132
-6.98997,110.52740,4.200,-5.53598
-7.02397,110.52950,14.000,-0.64215
-7.07079,110.53576,23.000,2.40910
-7.21269,110.52332,196.900,18.38488
-7.26065,110.51814,367.000,34.94810
-6.84049,110.57030,0.400,5.25114
-6.89017,110.55580,0.700,-5.68897
-6.92257,110.57754,1.500,-4.94911
-6.99145,110.56613,4.000,-73.02996
-7.03390,110.57177,10.100,4.29630
-7.10960,110.55627,36.400,3.00960
-7.21622,110.58331,148.900,7.83621
-7.25858,110.56319,263.100,15.17920
-6.73050,110.60580,1.000,10.14241
-6.75416,110.60008,1.500,9.76957
-6.79313,110.61571,2.000,10.15124
-6.85482,110.60032,1.500,5.02501
-6.94224,110.61265,2.900,-3.90165
-6.97225,110.61485,4.600,-2.23715
-7.02507,110.61913,7.100,8.30333
-7.06984,110.62057,10.200,-7.66212
-7.15850,110.63347,36.200,0.67167
-7.26353,110.59637,188.200,2.10348
-6.71324,110.65736,0.700,19.47143
-6.78768,110.65360,2.700,11.35271
-6.84521,110.64259,1.800,21.46276
-6.94567,110.66226,-0.900,7.26085
-7.02701,110.66548,8.200,17.17052
-7.05811,110.66871,10.000,23.59417
-6.79465,110.69819,3.200,9.95958
-6.85633,110.70502,3.100,14.32677
-6.89660,110.69379,4.100,9.10272
-6.95884,110.70164,5.100,11.96820
-6.99779,110.69716,7.800,23.28521
-7.02257,110.70031,9.200,23.41642
-7.07548,110.70534,14.500,26.41134
-7.10347,110.69610,16.900,19.97445
-6.77267,110.72470,4.200,16.85304
-6.84296,110.75201,4.100,14.89090
-6.92991,110.75075,5.800,14.97018
-7.00318,110.74472,10.000,35.08696
-7.03320,110.73368,10.100,29.68164
-7.06935,110.75117,11.200,28.07743
-7.16971,110.76461,52.900,-2.98213
-6.85048,110.80375,4.100,14.58046
-6.88989,110.79672,6.200,12.85524
-6.95646,110.77996,9.000,18.65396
-7.01125,110.80970,16.800,44.32040
-7.06204,110.80439,15.100,29.55245
-7.12230,110.79146,29.100,12.15427
-7.04936,110.43950,198.800,24.45793
-7.04837,110.44247,186.800,18.88484
-7.13445,110.41981,308.400,35.19516
-7.25759,110.41916,488.500,68.44436
-6.98779,110.41721,5.800,-5.80450
-6.89472,110.63838,3.200,7.77523
-6.23600,106.83431,41.000,53.24245
-6.85025,106.76440,409.400,149.09493
-6.83779,106.65830,656.800,155.83961
-6.76369,106.66010,1148.500,190.14499
-6.19294,106.97156,38.000,47.89140
-6.09175,106.72531,31.000,57.30043
-6.09494,106.71739,24.200,54.43017
-6.09464,106.70761,38.800,56.74377
-6.10403,106.70800,20.200,49.97202
-6.10397,106.71683,25.900,54.34310
-6.10239,106.72803,20.800,53.44853
-6.10392,106.73747,20.500,60.12674
-6.10386,106.74389,26.900,61.50396
-6.11311,106.68983,27.900,49.40631
-6.11342,106.70767,20.500,49.47556
-6.11275,106.71669,20.600,51.34923
-6.11356,106.73600,16.600,58.35872
-6.11267,106.74403,15.800,58.15870
-6.11247,106.75306,38.300,64.87962
-6.11286,106.76217,5.600,60.15569
-6.11300,106.77111,41.200,71.03491
-6.11289,106.78919,28.400,67.38489
-6.10375,106.79050,37.100,69.54540
-6.10364,106.80017,32.800,68.03983
-6.09472,106.79094,34.700,67.16633
-6.12178,106.70764,20.200,48.89327
-6.12211,106.71686,26.800,52.32478
-6.12214,106.72544,33.000,55.14852
-6.12208,106.73581,19.900,57.87490
-6.12178,106.75314,20.500,58.15589
-6.12078,106.76217,24.800,65.70268
-6.12181,106.78922,23.900,65.76511
-6.12217,106.79822,20.800,65.01107
-6.13125,106.68869,48.000,54.17565
-6.13106,106.70797,3.100,42.22594
-6.13114,106.71700,35.300,54.30652
-6.13153,106.73464,14.100,55.17333
-6.13089,106.74411,24.300,58.70495
-6.13211,106.75278,33.900,66.94569
-6.13100,106.77114,5.600,58.55899
-6.13056,106.78931,14.100,62.51190
-6.13081,106.81639,8.300,60.63629
-6.13069,106.82531,43.400,71.90608
-6.14050,106.69892,17.100,44.39779
-6.14061,106.70778,15.900,45.23517
-6.14008,106.71700,16.100,47.77708
-6.14017,106.73506,18.000,55.52200
-6.14017,106.75428,17.500,56.02762
-6.13997,106.77100,23.600,64.11490
-6.14000,106.78025,18.100,63.04614
-6.14003,106.78892,19.300,63.66608
-6.13961,106.81633,35.100,69.00254
-6.14928,106.68953,2.800,48.74406
-6.14919,106.69972,6.300,51.05646
-6.14939,106.70797,2.700,51.27107
-6.14978,106.71700,38.400,63.60636
-6.14908,106.74414,16.900,60.06145
-6.14917,106.75358,28.300,63.81960
-6.14836,106.76222,16.800,60.95440
-6.14903,106.77119,2.700,57.23798
-6.14928,106.78028,41.900,69.84661
-6.14931,106.78931,15.900,62.04827
-6.14894,106.79833,15.000,61.96749
-6.14894,106.80744,17.200,62.49677
-6.14889,106.82544,31.800,67.74563
-6.15844,106.69914,15.400,53.01850
-6.15828,106.70806,10.000,53.06426
-6.15744,106.71711,30.000,59.68563
-6.15814,106.73517,28.900,62.30254
-6.15800,106.75319,14.900,59.20258
-6.15847,106.77128,17.900,61.22983
-6.15806,106.78042,47.900,71.25049
-6.15797,106.78928,21.800,63.51361
-6.15800,106.79872,64.200,76.35437
-6.15794,106.80817,19.400,62.47316
-6.15878,106.81647,21.400,63.42453
-6.15775,106.82547,47.100,71.78945
-6.16678,106.69903,60.200,65.75045
-6.16733,106.71711,63.800,69.08138
-6.16711,106.72725,9.000,52.92563
-6.16703,106.73517,5.100,52.92299
-6.16717,106.77936,12.900,59.05865
-6.16692,106.78939,9.800,58.53630
-6.16697,106.79842,7.500,58.15518
-6.16697,106.80828,12.500,59.28899
-6.16692,106.82553,13.700,60.14047
-6.17633,106.70819,36.500,58.09892
-6.17633,106.71717,13.500,52.03743
-6.17625,106.73522,14.500,54.47774
-6.17642,106.74422,39.100,63.07996
-6.17656,106.75269,41.800,64.86091
-6.17631,106.76211,8.100,55.56050
-6.17658,106.77133,39.900,65.86388
-6.17614,106.77994,44.100,67.94915
-6.17594,106.79839,45.000,67.56089
-6.17600,106.80767,49.100,69.17564
-6.17553,106.81650,36.800,65.77697
-6.17600,106.82569,36.600,65.94616
-6.18469,106.70806,68.000,66.87347
-6.18586,106.71717,21.200,53.08102
-6.18581,106.72639,39.900,59.00579
-6.18481,106.73528,17.900,56.61238
-6.18569,106.74378,33.200,59.25943
-6.18511,106.75328,24.800,57.91704
-6.18500,106.77144,21.200,57.47763
-6.18503,106.78944,20.900,58.69442
-6.18506,106.80736,33.500,61.85422
-6.18503,106.81647,26.900,61.07698
-6.18472,106.83458,41.800,66.28348
-6.19442,106.73544,40.300,59.29293
-6.19433,106.74394,28.600,56.21219
-6.19428,106.75367,35.900,59.44710
-6.19428,106.76325,23.100,55.16498
-6.19392,106.77147,20.400,55.97828
-6.19367,106.78047,11.200,54.37251
-6.19414,106.79736,30.000,60.18813
-6.19453,106.80756,38.400,63.28417
-6.19403,106.81658,22.700,59.02631
-6.19408,106.82561,34.300,62.88696
-6.19400,106.83456,21.300,59.07462
-6.20375,106.72758,10.500,47.68134
-6.20336,106.74431,12.200,49.64379
-6.20356,106.75339,13.100,49.19780
-6.20358,106.76253,11.600,49.58427
-6.20331,106.77142,12.100,49.59388
-6.20236,106.78044,16.400,53.52995
-6.20319,106.78969,17.500,54.81352
-6.20250,106.79836,14.900,54.18410
-6.20314,106.83475,24.400,56.27494
-6.21231,106.74461,12.300,48.12125
-6.21275,106.75342,11.900,48.44921
-6.21228,106.76233,15.000,47.49549
-6.21228,106.77169,13.700,49.47410
-6.21250,106.78978,18.200,53.35926
-6.21208,106.83469,3.000,49.25421
-6.22150,106.73542,9.000,39.39400
-6.22106,106.74361,7.700,41.33116
-6.22142,106.75317,15.900,43.07602
-6.22147,106.77150,12.800,41.16788
-6.22133,106.78061,3.900,39.50261
-6.22117,106.79819,14.400,45.00773
-6.22197,106.80872,0.900,40.96389
-6.22119,106.81664,18.100,47.14976
-6.23061,106.73561,17.400,43.24058
-6.23061,106.74439,7.800,37.09646
-6.23036,106.77189,18.000,43.29070
-6.23033,106.78958,11.500,43.26433
-6.23033,106.79875,25.200,46.06436
-6.23031,106.80767,7.500,43.29966
-6.23006,106.81678,14.700,45.54762
-6.23056,106.82575,14.800,46.78877
-6.23947,106.75247,14.600,38.15363
-6.24000,106.76261,10.800,37.42001
-6.23942,106.77203,17.200,40.34738
-6.23939,106.80769,8.400,42.87086
-6.23886,106.81672,10.800,44.65221
-6.23925,106.82578,10.900,44.85549
-6.24858,106.75353,10.800,37.93280
-6.24844,106.76311,16.800,38.86810
-6.24853,106.77158,15.900,41.01846
-6.24853,106.78047,8.400,40.12274
-6.24828,106.79014,14.800,41.60370
-6.24825,106.79869,15.400,38.87954
-6.24853,106.81678,11.900,41.06341
-6.10319,106.91581,39.000,64.35271
-6.10214,106.92569,20.000,54.43628
-6.09989,106.93392,14.000,50.66657
-6.10153,106.94233,32.000,54.52303
-6.10239,106.95022,26.000,51.28408
-6.10439,106.96589,25.000,48.22721
-6.11397,106.88797,24.000,62.81573
-6.11228,106.90581,21.000,60.42170
-6.11303,106.92625,26.000,57.14119
-6.11197,106.94108,25.000,53.08266
-6.11031,106.95519,21.000,48.34929
-6.11139,106.96894,24.000,47.60497
-6.16550,106.96900,39.000,56.82944
-6.12139,106.86142,25.000,62.22277
-6.12125,106.87992,25.000,58.67545
-6.12094,106.93281,28.000,55.76765
-6.11867,106.95314,28.000,51.77102
-6.12169,106.96886,25.000,47.08704
-6.13033,106.83442,22.000,59.27552
-6.13061,106.85231,21.000,62.32140
-6.13078,106.87056,26.000,62.04195
-6.13008,106.88914,22.000,56.71030
-6.13283,106.90769,25.000,58.79394
-6.13119,106.96856,24.000,45.49658
-6.13944,106.84339,22.000,59.01104
-6.13917,106.86111,44.000,65.26892
-6.13956,106.87972,21.000,56.07998
-6.14081,106.89547,33.000,61.50114
-6.14025,106.93406,28.000,53.88808
-6.13956,106.94428,24.000,49.84626
-6.13844,106.97061,33.000,53.30657
-6.14997,106.83419,21.000,61.06029
-6.14925,106.85261,38.000,64.59303
-6.14875,106.87050,35.000,62.43635
-6.14878,106.88883,41.000,63.66833
-6.14825,106.92436,28.000,48.36463
-6.14925,106.94069,20.000,48.88535
-6.14792,106.97292,36.000,53.03104
-6.15053,106.98036,19.000,46.90201
-6.15764,106.84328,24.000,59.26923
-6.15689,106.86117,20.000,57.92860
-6.15675,106.88303,28.000,58.82137
-6.15600,106.89536,22.000,36.74323
-6.14831,106.95464,29.000,47.26224
-6.12944,106.95569,21.000,46.91379
-6.12733,106.94122,17.000,48.47911
-6.13050,106.92467,24.000,54.54979
-6.15581,106.93997,46.000,59.47710
-6.15650,106.96178,38.000,56.17377
-6.15847,106.97850,29.000,45.12707
-6.16658,106.93378,28.000,61.24230
-6.16697,106.85253,14.000,56.29214
-6.16783,106.87072,27.000,61.54947
-6.16769,106.88903,35.000,58.69225
-6.16019,106.93000,26.000,46.87772
-6.16664,106.94253,21.000,46.79982
-6.16647,106.97758,21.000,41.73309
-6.18950,106.84006,39.000,66.83664
-6.17394,106.85164,27.000,63.73178
-6.17614,106.86150,25.000,61.83185
-6.17619,106.87078,31.000,62.82345
-6.17594,106.88036,17.000,55.03562
-6.17242,106.89803,22.000,54.07727
-6.17567,106.91525,44.000,57.59734
-6.17433,106.93461,20.000,42.62294
-6.17514,106.94208,23.000,50.34361
-6.17142,106.95169,30.000,50.41661
-6.17561,106.97008,29.000,43.63711
-6.17533,106.97917,28.000,42.86375
-6.18547,106.84319,38.000,59.64572
-6.18506,106.85314,23.000,61.18224
-6.18494,106.86239,22.000,59.84579
-6.18564,106.87111,45.000,66.08374
-6.18461,106.87942,35.000,62.14604
-6.18483,106.88894,19.000,55.08163
-6.18436,106.89844,22.000,53.47699
-6.18483,106.90739,27.000,53.12172
-6.18408,106.92592,21.000,48.24363
-6.18431,106.94411,28.000,46.47052
-6.18322,106.95150,32.000,50.13660
-6.18372,106.96172,32.000,48.12695
-6.18483,106.97175,36.000,48.41056
-6.18542,106.97872,30.000,45.64661
-6.19297,106.85422,40.000,65.13834
-6.19272,106.88050,37.000,60.71690
-6.18953,106.89125,23.000,42.06591
-6.19364,106.89772,25.000,54.61400
-6.19419,106.90717,26.000,53.51212
-6.19325,106.91750,22.000,50.39525
-6.19192,106.93461,22.000,42.06096
-6.19392,106.95183,22.000,43.00230
-6.20269,106.84325,33.000,56.90899
-6.20125,106.86167,32.000,61.93810
-6.20294,106.87750,21.000,57.69902
-6.20283,106.89792,25.000,55.44620
-6.20378,106.90683,35.000,57.06540
-6.20289,106.92500,37.000,53.56015
-6.20228,106.92606,33.000,47.31692
-6.20194,106.95244,29.000,44.49847
-6.20228,106.96044,33.000,36.56692
-6.20417,106.97942,41.000,36.69040
-6.21425,106.84306,34.000,39.19373
-6.21200,106.87492,33.000,61.35861
-6.20839,106.89061,33.000,59.53858
-6.21208,106.89781,44.000,62.12340
-6.21153,106.91528,12.000,49.36374
-6.21172,106.93444,41.000,48.42410
-6.21164,106.95042,25.000,37.13551
-6.20919,106.97078,38.000,36.94687
-6.22261,106.83736,36.000,54.53899
-6.22006,106.85103,35.000,55.15975
-6.22056,106.87078,26.000,59.58120
-6.22000,106.88867,35.000,62.43091
-6.22086,106.89831,40.000,62.41801
-6.22108,106.90761,35.000,58.77994
-6.22067,106.92481,37.000,55.54542
-6.22097,106.94311,39.000,49.96711
-6.22086,106.95192,28.000,43.61290
-6.21889,106.96147,30.000,36.14866
-6.22989,106.83514,43.000,61.03883
-6.23028,106.84383,38.000,59.02745
-6.22956,106.85311,36.000,61.61393
-6.23161,106.88822,35.000,63.06531
-6.23058,106.89767,47.000,65.35044
-6.23058,106.91697,33.000,56.55782
-6.23033,106.93358,38.000,47.48648
-6.22858,106.95289,61.000,47.70191
-6.23831,106.83544,40.000,55.02872
-6.23914,106.85258,39.000,56.23380
-6.23872,106.87078,26.000,53.21811
-6.23928,106.88967,35.000,57.61604
-6.23933,106.89767,58.000,69.31649
-6.23900,106.90747,41.000,57.52404
-6.23889,106.92581,33.000,51.09612
-6.23878,106.94278,31.000,41.88074
-6.18533,106.76236,34.500,53.89776
-6.24850,106.83483,15.000,44.53116
-6.24822,106.84386,14.700,42.82399
-6.24819,106.85292,8.000,43.68587
-6.24761,106.86247,10.600,47.36996
-6.24811,106.87097,8.100,49.02831
-6.24789,106.90728,7.900,44.93084
-6.24814,106.91611,6.300,42.59195
-6.24803,106.92517,11.100,41.83615
-6.24794,106.93414,10.700,38.34440
-6.24778,106.94325,9.100,32.53350
-6.24789,106.95222,11.900,31.27589
-6.25758,106.75356,32.100,43.32377
-6.25681,106.76992,12.300,36.28534
-6.25772,106.78186,8.200,34.43164
-6.25750,106.78972,11.000,36.91047
-6.25822,106.82533,2.900,38.28543
-6.25728,106.84389,18.800,42.75311
-6.25758,106.85397,12.900,44.23556
-6.25719,106.86200,21.700,50.28028
-6.26661,106.75353,17.400,38.28851
-6.26631,106.76428,26.500,38.84410
-6.26639,106.81594,31.300,43.67459
-6.26558,106.82581,24.400,43.68998
-6.26633,106.83481,37.400,47.58919
-6.26539,106.84406,23.900,43.60932
-6.26628,106.85300,40.100,50.88382
-6.26628,106.86200,5.400,41.74982
-6.26381,106.88703,4.000,45.15584
-6.26611,106.90719,18.300,46.71618
-6.26603,106.91622,0.900,39.67527
-6.26594,106.92536,25.200,47.83995
-6.27564,106.76272,5.300,32.00576
-6.27564,106.78072,16.900,36.23741
-6.27547,106.79881,22.300,37.39805
-6.27456,106.84642,20.900,40.61360
-6.27539,106.85300,3.200,38.21226
-6.27528,106.86206,16.400,42.13008
-6.27411,106.87881,2.400,41.40031
-6.27511,106.91625,12.900,42.34274
-6.28478,106.77175,9.900,32.77694
-6.28464,106.78031,4.200,30.63974
-6.28447,106.80714,5.400,31.84359
-6.28361,106.81808,6.700,32.26184
-6.28442,106.84419,10.900,35.82276
-6.28439,106.85306,13.500,38.80613
-6.28397,106.86058,13.500,38.71437
-6.28431,106.87119,12.800,39.01157
-6.28417,106.90722,11.900,42.83643
-6.28419,106.91619,10.700,40.19552
-6.29350,106.77200,2.100,29.80745
-6.29322,106.79869,2.500,32.63645
-6.29258,106.80742,6.700,32.25583
-6.29353,106.81692,4.200,31.04526
-6.29403,106.82522,4.700,32.52982
-6.29347,106.83500,8.000,32.88974
-6.29339,106.86214,1.000,33.19997
-6.29328,106.87119,13.800,37.50429
-6.29342,106.88019,7.600,37.62722
-6.29328,106.88919,9.200,39.03399
-6.29322,106.89833,8.100,37.86553
-6.29322,106.90742,8.000,38.51465
-6.29314,106.91631,13.400,39.34354
-6.30350,106.78956,16.000,38.80270
-6.30347,106.80742,54.000,52.04613
-6.30239,106.84417,57.000,52.14364
-6.30250,106.86311,68.000,57.61778
-6.30253,106.88014,72.000,58.00220
-6.30239,106.91669,67.000,59.40119
-6.31264,106.78139,92.000,58.44825
-6.31097,106.79864,59.000,48.79229
-6.31022,106.85286,54.000,51.82328
-6.31131,106.87058,74.000,56.61691
-6.31111,106.88953,66.000,54.20082
-6.31150,106.90719,54.000,52.64807
-6.31208,106.92583,63.000,54.72545
-6.32025,106.86267,64.000,53.54318
-6.31900,106.87978,69.000,53.61160
-6.32039,106.89789,63.000,52.50166
-6.31961,106.91650,56.000,52.44576
-6.33008,106.79908,78.000,58.07172
-6.33014,106.86875,75.000,53.07427
-6.32939,106.88894,75.000,52.54909
-6.32972,106.90650,61.000,51.91001
-6.33000,106.92600,67.000,52.42701
-6.33839,106.88006,74.000,51.30246
-6.33856,106.89844,81.000,54.31037
-6.34044,106.91714,82.000,56.76193
-6.34872,106.83489,77.000,54.07425
-6.34722,106.87167,73.000,51.24895
-6.34761,106.89006,82.000,52.85000
-6.34747,106.90808,86.000,57.69778
-6.34692,106.92589,83.000,56.79242
-6.35769,106.80858,87.000,58.55396
-6.36028,106.82308,83.000,55.48757
-6.35608,106.84456,80.000,52.10463
-6.35742,106.86061,13.000,30.04133
-6.35678,106.88050,85.000,51.67451
-6.35494,106.89836,77.000,53.75098
-6.35622,106.91606,72.000,56.03183
-6.36525,106.88942,96.000,56.54266
-6.36508,106.90753,10.000,30.98301
-6.32025,106.79067,76.000,56.38823
-6.32031,106.80856,72.000,56.82203
-6.31150,106.81697,66.000,54.75314
-6.30258,106.82636,58.000,53.10865
-6.31150,106.83619,92.000,61.55070
-6.32033,106.82628,73.000,55.07039
-6.32992,106.81611,75.000,60.26862
-6.33836,106.80769,74.000,56.63305
-6.34772,106.79900,88.000,61.13033
-6.34722,106.81697,89.000,59.23899
-6.33847,106.82661,90.000,59.55091
-6.32953,106.83519,78.000,56.00258
-6.34803,106.85406,72.000,51.43416
-6.33794,106.86219,73.000,50.67261
-6.32922,106.85306,74.000,53.72369
-6.33914,106.84417,81.000,52.93889
-6.31800,106.85317,61.000,53.87128
-6.30236,106.90728,53.000,55.64920
-6.30283,106.89747,50.000,51.82369
-6.18450,106.91558,31.000,53.19313
-6.14600,106.90619,16.000,54.80267
-6.15289,106.90619,28.000,50.92554
-6.10450,106.69958,53.400,59.22386
-6.10544,106.75350,24.900,61.08632
-6.10539,106.76036,31.500,63.14509
-6.11150,106.69772,17.400,47.43504
-6.11303,106.78094,32.900,68.67164
-6.11106,106.79661,23.400,65.59601
-6.11256,106.80494,26.500,66.60454
-6.09664,106.79964,26.900,65.89147
-6.12072,106.68731,21.900,46.40842
-6.12294,106.69964,39.700,53.47191
-6.12433,106.74536,14.300,61.47283
-6.12153,106.77214,15.500,63.04686
-6.12278,106.78042,7.700,60.63463
-6.12094,106.80881,15.700,33.05989
-6.12253,106.81639,27.400,66.43201
-6.12250,106.82447,24.900,65.62068
-6.12978,106.69811,29.600,49.40262
-6.13186,106.72669,18.300,50.41381
-6.12928,106.76256,22.100,63.26649
-6.13158,106.78019,23.400,65.01386
-6.13267,106.80014,24.800,65.52526
-6.12872,106.80647,13.700,45.06360
-6.13914,106.69156,23.900,45.71344
-6.13964,106.72694,11.000,46.73083
-6.14136,106.74322,34.100,60.21023
-6.13931,106.76261,23.400,63.34580
-6.13942,106.79717,9.800,60.88453
-6.13869,106.80678,22.500,64.74979
-6.14031,106.82547,31.400,68.02671
-6.14919,106.72608,7.100,55.05347
-6.14931,106.73336,21.400,55.00646
-6.15025,106.81469,18.100,46.00950
-6.15853,106.68992,11.400,50.94172
-6.15756,106.72694,34.300,61.99099
-6.15856,106.74536,17.800,59.19722
-6.16772,106.69108,53.900,62.60719
-6.16781,106.70758,39.700,60.30110
-6.16611,106.74547,41.400,65.71872
-6.16647,106.75300,7.100,55.92130
-6.16669,106.76133,9.400,56.24722
-6.16958,106.76936,32.300,62.97220
-6.24003,106.78078,15.000,40.80623
-6.16456,106.81489,24.400,47.68964
-6.17653,106.72431,38.000,59.87821
-6.17769,106.78703,32.200,63.84504
-6.18422,106.78289,22.300,60.15232
-6.18722,106.79750,28.200,60.84608
-6.18389,106.82481,28.300,53.20125
-6.19361,106.72711,10.500,49.44753
-6.19444,106.78756,31.600,60.47634
-6.20336,106.73606,9.400,47.78925
-6.20222,106.80625,6.700,51.79767
-6.20178,106.81597,16.100,55.78855
-6.20369,106.82497,12.100,52.46652
-6.21308,106.72750,14.200,47.77296
-6.21239,106.73425,14.800,47.28160
-6.21328,106.78008,15.500,49.83048
-6.21250,106.79742,13.500,51.60808
-6.21150,106.80619,9.900,51.06592
-6.21267,106.81797,10.100,51.54499
-6.21219,106.82714,18.200,55.06527
-6.21967,106.72600,13.100,40.38546
-6.22114,106.76111,16.100,42.75321
-6.22261,106.78947,9.600,43.25771
-6.21894,106.82550,17.000,53.68380
-6.22878,106.75492,14.300,42.99900
-6.23006,106.76061,15.000,40.41024
-6.22883,106.77847,9.300,38.91421
-6.24058,106.78756,12.300,41.27186
-6.23994,106.79756,11.100,40.95381
-6.24886,106.80764,17.900,43.68955
-6.12364,106.68006,30.900,58.89145
-6.24942,106.88011,10.100,49.31028
-6.25739,106.76064,21.100,39.08112
-6.25803,106.79744,9.500,35.40698
-6.25622,106.80825,14.600,39.86701
-6.25739,106.81583,15.900,39.72556
-6.25894,106.83458,30.700,46.63494
-6.25783,106.87011,10.900,47.55315
-6.25739,106.88158,14.500,49.75329
-6.26544,106.77339,29.400,40.28652
-6.26642,106.78219,16.600,37.06522
-6.26519,106.78975,20.700,37.34519
-6.26681,106.79725,37.100,43.16718
-6.26494,106.80858,22.700,40.02760
-6.26492,106.87217,16.900,45.98718
-6.26642,106.88092,8.700,45.84600
-6.27514,106.77333,11.800,34.90251
-6.27564,106.78803,3.400,32.20911
-6.27433,106.80883,2.700,32.48863
-6.27614,106.81833,11.900,35.31381
-6.27642,106.82653,9.100,35.49379
-6.27397,106.83422,12.800,39.44419
-6.27294,106.86964,4.100,38.92812
-6.28456,106.76083,10.100,31.90301
-6.28472,106.78856,7.700,33.71884
-6.28242,106.80039,0.900,29.88435
-6.28619,106.82689,6.100,34.46598
-6.28572,106.83531,18.500,39.04386
-6.28353,106.87900,15.900,41.12403
-6.29142,106.78231,6.800,31.22948
-6.29253,106.78956,9.000,32.09696
-6.29414,106.84433,10.200,33.74586
-6.29333,106.85442,12.200,37.92929
-6.30094,106.77392,19.400,33.10283
-6.09675,106.95550,26.000,50.69149
-6.11114,106.13234,35.795,67.11287
-5.96878,106.05223,22.395,77.37652
-5.97002,106.01307,19.535,64.69895
-5.93489,106.00890,7.356,62.94230
-5.90175,106.03073,15.433,69.91650
-5.89364,106.05495,11.588,69.01136
-5.91475,106.09144,16.615,73.96006
-6.01112,106.04950,9.221,70.37931
-6.06443,106.03505,76.857,72.99182
-6.09621,105.99345,161.986,80.69985
-6.05833,105.99052,104.046,78.59640
-6.06612,105.90181,2.050,65.01958
-6.05650,105.94642,49.182,70.20307
-6.02841,105.96513,5.628,62.85942
-6.01922,105.99663,15.498,61.95918
-6.11166,106.05420,103.193,85.19238
-6.14485,106.02623,276.031,92.47013
-6.19255,106.06380,166.234,80.39138
-6.22827,106.03469,334.462,89.45299
-6.25645,106.00502,430.369,105.78581
-6.28579,105.99972,465.510,110.97614
-6.32034,105.99399,394.145,115.72702
-6.32962,106.03704,282.509,109.02894
-6.13244,105.98592,329.563,98.30623
-6.09595,105.95009,248.364,89.99679
-6.09020,105.91167,15.519,69.03704
-6.11003,105.88388,9.411,62.93050
-6.18810,105.90153,146.659,72.15287
-6.22166,105.94416,114.077,74.73206
-6.20738,105.98922,113.868,68.87794
-6.37574,106.03372,146.876,85.98378
-6.37221,106.07563,127.354,84.49403
-6.37224,106.12158,96.004,81.00804
-6.37289,106.17490,34.674,63.41915
-6.37253,106.22455,40.776,59.93218
-6.19305,105.94034,89.114,62.35813
-6.14967,105.89357,86.805,68.07217
-6.14682,105.85849,3.415,60.84727
-6.19431,105.84795,35.161,64.07054
-6.22601,105.83362,15.470,70.58091
-6.32786,105.83914,10.901,74.39634
-6.28352,105.82791,1.396,79.87689
-6.33077,105.94100,244.927,97.06934
-6.32563,105.89846,168.351,89.11166
-6.36827,105.85546,25.599,70.55466
-6.37812,105.90080,92.538,76.41227
-5.93781,106.04604,231.627,99.60835
-5.96589,106.09535,1.140,80.94141
-6.28549,106.11843,242.170,93.85944
-6.40236,105.99155,120.573,75.43149
-6.36152,105.82518,2.119,70.50444
-6.46887,105.81573,-1.255,75.02986
-6.52402,105.74105,0.881,89.85554
-6.49857,105.65830,1.581,106.26581
-6.56415,105.70112,58.243,105.33003
-6.60076,105.71345,22.542,108.02086
-6.56102,105.76058,13.529,93.11989
-6.58704,105.76614,48.346,97.16472
-6.55796,105.80269,5.149,91.99969
-6.59312,105.81014,47.032,100.96218
-6.56342,105.85513,7.983,89.25461
-6.60535,105.86195,14.044,99.50441
-6.51192,105.81279,0.671,83.50540
-6.37929,105.94296,109.008,75.27098
-6.41295,105.88523,43.894,69.94993
-6.42327,105.84966,2.342,69.04493
-6.46688,105.85236,1.150,72.88929
-6.50299,105.85454,9.953,77.65726
-6.61528,105.90443,9.329,92.72559
-6.59146,105.94384,40.299,84.36038
-6.50862,105.98784,42.633,74.96391
-6.45465,105.99054,92.525,71.44499
-6.37723,105.98622,303.024,96.16022
-6.42335,105.98792,89.668,70.88325
-6.41654,105.94918,86.024,71.15363
-6.46645,105.93083,4.428,65.34256
-6.45666,105.89404,6.457,68.78215
-6.49351,105.89918,22.649,74.22619
-6.50909,105.93855,13.039,71.08011
-6.55390,106.00266,38.436,89.70419
-6.54660,105.94455,46.557,78.46929
-6.54279,105.90652,19.629,79.63202
-6.55910,106.04576,206.151,121.39543
-6.51417,106.03889,73.623,85.53637
-6.50800,106.08493,112.733,84.19005
-6.46343,106.12024,38.155,73.47649
-6.36989,106.31342,70.083,69.05676
-6.40302,106.31259,95.782,70.31223
-6.37313,106.34944,58.969,69.08837
-6.37124,106.40689,64.389,70.11981
-6.41304,106.39669,85.001,68.67821
-6.45746,106.40105,85.605,78.57891
-6.50759,106.39214,145.817,98.13152
-6.50210,106.33450,144.803,101.12470
-6.45598,106.33809,102.216,81.95099
-6.40519,106.34212,84.756,68.27105
-6.37495,106.25778,43.892,60.69800
-6.40819,106.24461,47.198,61.66217
-6.40444,106.21666,69.073,64.82162
-6.43977,106.18556,76.857,68.88188
-6.49981,106.13488,99.148,79.20437
-6.46746,106.06611,76.776,75.08524
-6.42232,106.13602,55.134,68.63336
-6.40499,106.17641,41.561,64.12745
-6.42074,106.08726,99.319,77.43327
-6.42379,106.04640,111.365,75.16864
-6.45972,106.03607,90.000,73.71116
-6.50648,106.17557,89.687,77.54178
-6.51870,106.21052,126.840,82.42345
-6.46767,106.21225,31.145,67.32655
-7.72640,109.02290,3.100,101.63426
-7.65500,109.15260,4.100,73.32987
-7.52970,109.09710,26.400,49.79316
-7.58370,109.01410,16.700,53.48927
-7.61810,109.02000,16.100,59.85104
-7.59270,109.26430,5.000,74.68443
-7.59450,109.31730,13.200,88.40377
-7.61380,109.37120,11.200,93.67994
-7.61380,109.39720,18.400,99.20301
-7.64730,108.94560,1.400,75.37937
-7.60820,108.92560,2.200,52.31361
-7.57940,108.93770,12.000,44.85947
-7.44120,108.93990,76.700,50.12399
-7.66510,108.98370,17.900,84.35025
-7.64100,108.99840,22.500,69.75391
-7.61490,108.98150,9.900,54.91251
-7.58330,108.96400,44.100,49.67866
-7.50440,108.97730,61.900,47.78545
-7.47630,108.98540,72.900,47.29637
-7.42440,108.99230,173.900,62.64234
-7.69010,109.02580,6.900,89.47725
-7.54840,108.99190,43.300,48.38273
-7.59550,109.02060,8.400,52.90810
-7.56130,109.03040,57.100,54.23048
-7.51190,109.02900,33.700,45.63343
-7.47980,109.03210,63.800,56.94532
-7.42040,109.03830,127.700,56.64091
-7.69260,109.06290,3.500,86.80770
-7.65760,109.05620,6.400,73.67814
-7.60540,109.05880,18.400,57.37175
-7.56950,109.05170,259.000,70.49195
-7.51980,109.07270,26.400,46.59484
-7.48190,109.06680,33.100,48.63769
-7.42810,109.07080,60.000,55.04080
-7.68130,109.10230,3.900,88.55120
-7.66050,109.09380,3.400,74.85281
-7.62040,109.12130,4.900,51.53845
-7.55810,109.11720,14.800,67.26530
-7.52340,109.10630,22.100,49.84297
-7.47530,109.11260,31.000,54.72282
-7.43080,109.11710,126.500,57.57017
-7.67560,109.13830,5.400,95.35040
-7.60850,109.14650,7.300,63.39120
-7.56980,109.15830,9.300,66.91193
-7.51180,109.14030,18.600,52.19352
-7.48050,109.15550,40.500,115.55506
-7.42970,109.15720,192.500,63.35237
-7.68510,109.19340,4.300,93.45395
-7.64050,109.17780,3.000,65.47498
-7.61760,109.19670,3.800,60.71514
-7.53870,109.16380,12.100,55.37704
-7.68600,109.24920,6.900,76.52523
-7.65330,109.24140,6.200,68.79872
-7.61640,109.25040,3.800,63.55356
-7.56400,109.21490,12.800,64.25906
-7.69300,109.29720,4.600,76.86777
-7.65500,109.29330,5.500,72.58214
-7.61560,109.28340,3.000,68.66549
-7.57680,109.28290,94.100,93.72944
-7.69950,109.33820,5.100,89.43665
-7.64620,109.34150,1.500,83.91639
-7.61390,109.34740,8.600,88.39480
-7.58490,109.33050,36.300,95.05263
-7.70970,109.37860,4.100,109.74363
-7.65170,109.37790,1.600,94.74648
-7.59980,109.36550,41.000,99.50204
-7.59830,109.40000,57.200,105.67930
-7.63500,109.40880,2.300,103.33944
-7.68320,109.39840,2.000,114.62919
-7.65850,109.42960,9.000,127.09949
-7.60760,109.42440,12.000,106.25366
-7.58800,109.42900,149.800,119.18242
-7.71870,109.01500,4.100,100.82783
-7.33321,109.70979,598.900,86.57610
-7.43727,109.24354,69.700,52.85367
-7.30728,109.29494,446.400,96.39207
-7.33991,109.28841,328.100,74.40847
-7.38405,109.33117,94.400,48.59678
-7.39537,109.28983,103.200,52.05350
-7.43574,109.28606,56.700,51.09528
-7.47459,109.29374,31.900,60.21721
-7.51683,109.29334,20.300,80.83086
-7.51843,109.24476,274.000,102.56092
-7.52960,109.18944,16.600,54.65967
-7.47973,109.19981,23.300,58.77235
-7.48915,109.23506,18.300,64.53927
-7.52388,109.32840,27.100,91.41553
-7.50850,109.36119,67.000,94.81437
-7.48975,109.40509,58.000,89.56292
-7.47494,109.42703,41.700,77.45489
-7.47616,109.46404,48.700,72.78781
-7.51875,109.47686,241.500,119.69989
-7.47553,109.51268,78.000,79.86891
-7.46580,109.56065,137.100,84.99192
-7.43693,109.55534,144.600,68.88665
-7.43758,109.51260,107.400,66.70635
-7.47449,109.33545,30.900,67.46078
-7.45261,109.38322,36.300,70.94602
-7.44034,109.43225,45.800,67.13342
-7.42782,109.46043,57.900,61.44889
-7.38936,109.59766,225.100,64.82693
-7.39816,109.55763,168.800,63.20280
-7.39417,109.51548,140.800,60.21990
-7.39143,109.46885,93.000,53.43490
-7.39168,109.43146,36.500,50.37463
-7.38552,109.37940,38.500,47.38375
-7.42788,109.33801,36.900,51.14365
-7.21215,109.42016,963.200,135.63746
-7.22341,109.38960,686.500,112.00285
-7.20976,109.33390,859.600,131.31695
-7.24914,109.33567,469.400,98.99909
-7.27272,109.37765,207.600,67.17502
-7.29870,109.38997,161.200,51.59060
-7.34794,109.38903,57.900,42.12497
-7.29623,109.33309,312.100,80.88376
-7.34320,109.33627,167.100,53.64836
-7.26774,109.42087,269.800,70.87058
-7.29105,109.42325,189.800,54.43415
-7.33446,109.43181,86.500,42.76320
-7.27224,109.47094,248.700,69.20466
-7.30042,109.47017,153.800,50.16686
-7.27974,109.50050,258.500,71.03033
-7.30218,109.51406,160.100,57.53192
-7.29193,109.54210,407.900,90.53581
-7.36586,109.47007,118.500,48.88497
-7.33359,109.51602,136.800,51.80298
-7.35712,109.54134,258.500,68.52804
-7.35481,109.59899,312.200,71.92923
-7.36793,109.65260,249.500,68.57187
-7.38731,109.69034,266.100,78.03184
-7.39800,109.65304,254.800,76.34738
-7.38846,109.24313,149.800,61.21988
-7.34173,109.23828,384.300,88.67644
-7.35480,109.19814,313.700,81.17253
-7.39124,109.19996,127.700,57.38276
-7.43039,109.19981,84.600,54.52316
-7.27555,112.81157,2.097,-7.41681
-7.25866,112.80862,2.188,-4.62283
-7.25830,112.79264,3.134,-3.65105
-7.24177,112.79290,3.002,-0.91472
-7.24177,112.79290,3.002,4.28538
-7.22202,112.77792,3.690,2.85640
-7.24130,112.77474,4.027,-0.51486
-7.25786,112.77518,4.165,-3.25968
-7.25841,112.75856,4.849,-3.06547
-7.27381,112.75835,5.313,-5.90874
-7.29174,112.75961,5.741,-9.81101
-7.29149,112.77497,4.484,-9.72975
-7.27447,112.77570,4.283,-5.88839
-7.29197,112.79230,3.394,-10.45793
-7.29197,112.80801,2.404,-11.02536
-7.30812,112.79188,3.537,-13.90391
-7.30889,112.81572,1.994,-15.68341
-7.32484,112.79198,3.650,-17.41388
-7.32514,112.80882,2.528,-18.34985
-7.34030,112.77589,4.658,-21.69794
-7.34255,112.80495,2.644,-22.05643
-7.34177,112.79089,3.604,-22.07306
-7.32508,112.77513,4.776,-16.87208
-7.34112,112.75879,6.837,-20.43325
-7.32692,112.75700,7.054,-16.13755
-7.32470,112.74170,8.852,-13.88545
-7.30887,112.75886,6.299,-12.11638
-7.30931,112.77536,4.619,-12.85633
-7.24299,112.76147,4.333,-0.57733
-7.24083,112.74146,4.662,-0.26581
-7.26173,112.74094,5.737,-2.99034
-7.27769,112.74186,6.491,-6.60966
-7.29203,112.74045,7.321,-8.67927
-7.30836,112.74092,8.114,-11.19982
-7.34145,112.74255,8.964,-18.00680
-7.34188,112.72386,11.398,-16.04912
-7.32515,112.72461,10.970,-12.75619
-7.30817,112.72537,9.688,-10.42478
-7.30568,112.70884,11.145,-8.65044
-7.29158,112.70654,10.058,-11.48996
-7.29230,112.72433,8.661,-8.48982
-7.25857,112.72544,6.210,-3.23894
-7.27670,112.72269,7.653,-7.54437
-7.26398,112.69273,8.146,-5.91958
-7.25830,112.67493,8.243,-4.81583
-7.25806,112.65845,9.078,-4.72761
-7.27378,112.65852,11.449,-8.35360
-7.29079,112.66250,13.529,-10.62798
-7.30847,112.65780,16.859,-7.00064
-7.32842,112.67899,16.980,-9.93770
-7.32590,112.65794,19.482,-10.58393
-7.32423,112.64088,23.015,-8.55721
-7.31285,112.63470,22.398,-5.37748
-7.29134,112.62806,19.895,-9.56861
-7.27497,112.64139,14.609,-6.06245
-7.26112,112.63400,13.460,-6.86056
-7.25854,112.62583,14.296,-4.58650
-7.24155,112.62492,11.306,-0.85867
-7.20810,112.62371,5.995,6.39693
-7.22525,112.60791,10.429,3.60364
-7.24365,112.61351,13.326,-1.32284
-7.24245,112.64104,9.181,-1.35566
-7.24321,112.66214,6.536,-2.17275
-7.24457,112.67258,6.488,-2.47295
-7.22598,112.67962,3.975,1.20761
-7.22577,112.69541,3.938,1.27657
-7.25932,112.70788,6.999,-3.95346
-7.27475,112.69230,9.357,-8.96121
-7.29186,112.67577,12.602,-12.46995
-7.30929,112.67619,14.841,-8.73428
-7.30820,112.68925,13.367,-8.11895
-7.32481,112.69250,14.870,-10.53270
-7.32505,112.70892,12.886,-12.29922
-7.34309,112.69172,15.512,-13.27485
-7.34320,112.67554,17.618,-11.80744
-7.34571,112.65791,19.819,-9.75491
-7.35748,112.65724,18.487,-9.60608
-7.35880,112.67471,15.991,-12.34623
-7.34214,112.70689,13.611,-14.37440
-7.30461,112.62625,22.670,-5.67395
-7.27470,112.62415,17.554,-9.98789
-7.28866,112.64100,16.986,-8.51825
-7.27499,112.67544,10.414,-9.52702
-7.29387,112.69215,11.484,-10.00787
-7.27562,112.70775,8.498,-8.67519
-7.20889,112.74170,3.196,5.10278
-7.20892,112.77470,3.434,5.08365
-7.23515,112.79481,2.847,0.05607
-7.25780,112.79199,3.169,-3.62336
-7.22476,112.74128,3.853,2.94496
-7.21445,112.60590,4.546,1.37733
-7.17730,112.58600,7.241,14.36138
-7.21221,112.59380,4.328,5.53938
-7.27778,112.79070,3.378,-7.27071
-7.25779,112.79200,3.640,-3.54475
-7.35848,112.80690,3.255,-23.96763
-7.33567,112.82010,3.086,-21.11122
-7.35511,112.74730,3.318,-23.45813
-7.36051,112.77570,3.312,-24.37568
-7.35779,112.75840,4.282,-23.24525
-7.34136,112.76120,4.826,-21.34068
-7.35810,112.74430,4.686,-22.11802
-7.35974,112.72650,6.256,-20.78905
-7.36064,112.70740,6.434,-19.02986
-7.34250,112.70790,7.760,-16.22096
-7.25222,112.58930,12.976,-3.23118
-7.27313,112.58920,37.475,-4.51823
-7.29159,112.59100,19.888,-8.82893
-7.30807,112.59120,11.727,-11.08317
-7.32694,112.59100,24.193,-10.71189
-7.34409,112.59190,28.616,-10.40421
-7.29144,112.75750,3.998,-10.48338
-7.29290,112.79260,3.488,-10.74104
-7.27527,112.60870,40.272,-4.51683
-7.29310,112.60810,29.472,-7.25619
-7.30781,112.60650,12.271,-10.07927
-7.32487,112.60900,23.590,-9.12146
-7.32397,112.62560,17.079,-9.01194
-7.34518,112.62440,17.730,-9.19122
-7.34697,112.60930,23.202,-9.05320
-7.35801,112.60870,13.228,-11.30083
-7.35371,112.62740,12.012,-10.08914
-7.25742,112.74340,5.237,-3.07169
-7.19130,112.61840,5.221,10.26173
-7.22546,112.62430,3.738,3.79333
-7.19095,112.62430,8.266,10.40757
-7.19124,112.64260,6.259,10.22697
-7.19540,112.63430,4.067,9.13728
-7.19156,112.65630,4.415,10.13847
-7.21189,112.65330,4.283,4.82547
-7.23702,112.69157,5.195,-0.97988
-7.22651,112.71037,3.992,1.41736
-7.35823,112.69160,14.029,-14.64460
-7.35592,112.67394,16.405,-11.82457
-7.36028,112.64035,21.530,-7.21268
-7.35725,112.59132,32.027,-10.23443
-7.35725,112.59124,32.045,-8.46459
-7.30559,112.64211,19.619,-6.59289
-7.25820,112.64004,11.998,-6.02842
-7.25820,112.64004,11.998,-5.99262
-7.23247,112.75850,3.859,1.04412
-7.25950,112.80970,4.859,-4.06428
-7.27442,112.81990,3.066,-7.13352
-7.31044,112.82270,3.479,-15.99897
-7.26825,112.75620,5.205,-4.99812
-6.73420,108.26294,42.102,15.71127
-6.81667,108.13435,65.544,16.29121
-6.78060,108.11268,46.219,11.76724
-6.73974,108.13144,41.184,11.16783
-6.73099,108.07606,54.849,13.00434
-6.70142,108.09267,50.570,13.01775
-6.66345,108.10595,46.470,18.35633
-6.70211,108.13141,35.939,15.45841
-6.74558,108.21772,31.683,9.33393
-6.78203,108.21743,54.746,11.93104
-6.79283,108.16909,53.810,18.37267
-6.81983,108.18705,72.944,25.37391
-6.83558,108.23303,134.036,29.36223
-6.82795,108.26784,174.929,28.90479
-6.78454,108.27065,76.357,14.19101
-6.79850,108.32111,156.813,32.82481
-6.83552,108.32448,440.881,64.22312
-6.82615,108.36121,497.957,73.60080
-6.78307,108.35680,187.982,39.86398
-6.80283,108.40166,446.191,71.26093
-6.79607,108.44121,268.890,48.40592
-6.75511,108.40149,84.996,39.18424
-6.73996,108.34494,58.119,26.00523
-6.73295,108.31617,59.283,23.47857
-6.70258,108.36277,34.521,25.15006
-6.70418,108.41057,20.572,25.30359
-6.70435,108.44896,19.308,23.13391
-6.70895,108.48966,17.834,21.84620
-6.61669,108.52250,0.776,24.96953
-6.69527,108.54936,1.605,17.90273
-6.74803,108.49027,52.561,24.42650
-6.75605,108.44547,83.516,30.18300
-6.78620,108.49163,188.310,41.48283
-6.81122,108.46913,283.666,49.79108
-6.82563,108.49571,339.095,50.73167
-6.84753,108.50989,379.414,52.18102
-6.83437,108.53649,278.475,42.51727
-6.80139,108.52447,202.893,37.79454
-6.75498,108.53771,20.991,20.83183
-6.67946,108.14015,38.426,17.70849
-6.68723,108.18552,26.246,14.77905
-6.65493,108.17577,43.634,19.36262
-6.61849,108.21277,22.005,23.08186
-6.60591,108.25925,20.043,23.81106
-6.56974,108.27736,16.173,26.07130
-6.56616,108.30636,14.074,26.13625
-6.65787,108.22602,21.443,17.93280
-6.69745,108.22530,26.093,14.74195
-6.70261,108.27710,30.201,19.89840
-6.65237,108.31269,19.267,21.14363
-6.60696,108.31224,19.058,25.08659
-6.60660,108.35856,6.636,20.81034
-6.66315,108.36744,18.795,24.90410
-6.66312,108.36750,3.641,18.30277
-6.69743,108.32130,30.766,23.19580
-6.56480,108.50465,0.357,26.32605
-6.60374,108.47927,1.672,24.28076
-6.61300,108.42720,2.552,21.64725
-6.59704,108.39813,5.565,21.68152
-6.64749,108.40744,12.474,22.09051
-6.65078,108.45825,4.655,23.23658
-6.65114,108.48660,3.412,24.00977
-6.65345,108.53684,0.294,22.00563
-6.56519,108.45377,1.698,24.02331
-6.54674,108.43122,3.699,24.73004
-6.51931,108.45109,2.597,25.70233
-6.47007,108.39956,4.881,27.92994
-6.46604,108.45479,3.197,25.96921
-6.43210,108.43739,2.371,26.47952
-6.39018,108.39943,1.475,27.33810
-6.42808,108.39536,2.925,28.87745
-6.48416,108.37238,7.751,27.79707
-6.55991,108.35054,11.179,24.45767
-6.52135,108.39030,7.278,24.60263
-6.51548,108.34328,9.783,25.81473
-6.47505,108.31813,6.276,29.74525
-6.42612,108.30207,5.133,31.71057
-6.37671,108.31448,2.867,31.28713
-6.37552,108.37002,1.271,28.20474
-6.43671,108.36453,3.464,29.67065
-6.51341,108.28928,9.259,27.69103
-6.52475,108.24847,13.519,27.53415
-6.52056,108.21764,19.039,28.74905
-6.53801,108.19343,19.926,27.42762
-6.47595,108.22648,5.811,30.32580
-6.47799,108.25630,6.365,30.23410
-6.42266,108.22630,2.815,31.74759
-6.39355,108.22453,1.182,34.44291
-6.38392,108.26437,3.016,34.42989
-6.73393,108.00230,344.457,49.65116
-6.59880,107.91138,98.019,19.63553
-6.59051,107.94951,57.905,18.05125
-6.60038,108.03050,56.908,17.78343
-6.55898,108.08265,40.256,24.51962
-6.53254,108.11766,27.783,26.56670
-6.51015,108.09969,23.752,27.53971
-6.50702,108.13937,21.720,28.01568
-6.39543,108.17590,1.168,32.59124
-6.46559,108.10721,12.509,29.52650
-6.50589,108.03971,26.034,25.53321
-6.50291,108.00475,28.250,24.47701
-6.46781,108.03195,16.875,27.98934
-6.46030,107.98841,20.890,25.91191
-6.46055,107.94350,21.315,22.14983
-6.45756,107.90591,24.397,19.27061
-6.50388,107.92136,32.892,20.42026
-6.49814,107.95973,31.309,22.56231
-6.64673,108.05624,67.984,15.24658
-6.57641,108.04172,46.568,19.91329
-6.56336,108.01797,43.129,20.41501
-6.51641,107.97490,34.426,22.61347
-6.53781,107.97038,38.702,21.09366
-6.61443,107.99592,62.049,16.63748
-6.64227,108.00620,81.811,15.46624
-8.82567,115.11779,129.982,166.98206
-8.82666,115.16307,152.054,164.76665
-8.82663,115.20784,72.106,148.66345
-8.69633,115.25843,1.920,92.97268
-8.64636,115.25582,26.746,77.88263
-8.63585,115.21310,35.480,76.31351
-8.64605,115.16557,34.729,83.13107
-8.69161,115.16185,7.809,91.48894
-8.68965,115.20732,10.732,86.81394
-8.60292,115.29537,48.425,77.89564
-8.61228,115.25276,61.616,76.38025
-8.60089,115.20684,84.096,82.60009
-8.55174,115.21105,127.939,90.18310
-8.56189,115.17157,111.538,90.28790
-8.55664,115.12040,100.858,92.18481
-8.56546,115.07183,41.856,89.86394
-8.60476,115.10845,38.851,84.62302
-8.60468,115.16446,83.313,84.66365
-8.51894,115.20942,178.185,102.91853
-8.51210,115.24954,198.919,95.40233
-8.51045,115.29080,206.786,90.67774
-8.50043,115.34906,275.715,114.93224
-8.55561,115.38465,54.119,111.01601
-8.51716,115.40019,161.600,127.04273
-8.56836,115.44677,4.509,110.39797
-8.56531,115.33568,69.983,91.31988
-8.56596,115.29299,95.339,81.05422
-8.55476,115.25233,130.779,84.45714
-8.64597,115.11633,9.311,88.35322
-8.50831,115.07792,134.517,99.24395
-8.50449,115.02930,129.018,106.72341
-8.50894,114.97733,32.997,118.76402
-8.44875,115.02418,322.682,132.93475
-8.47103,115.07831,208.615,109.82032
-8.47307,115.11470,247.056,112.82441
-8.51509,115.11898,157.268,96.99628
-8.46220,115.29856,375.925,119.80108
-8.42559,115.30671,515.862,143.52526
-8.42132,115.34838,570.927,158.17154
-8.46207,115.35365,401.814,137.01107
-8.42767,115.38430,547.518,163.89407
-8.46870,115.39248,415.193,150.73795
-8.51546,115.16448,164.537,101.58059
-8.46710,115.16268,283.867,123.09649
-8.41896,115.16126,417.704,145.01010
-8.37119,115.17593,606.646,169.37035
-8.33991,115.16503,836.197,190.69245
-8.33467,115.20941,843.468,173.67984
-8.39380,115.21485,501.879,153.55736
-8.43134,115.20064,404.454,148.31887
-8.46371,115.21205,309.963,131.36123
-8.33598,115.25257,827.147,166.64960
-8.27796,115.28818,1125.578,192.99035
-8.24638,115.29177,1252.022,210.05317
-8.24324,115.32578,1494.264,237.60456
-8.20064,115.33050,1554.777,250.43739
-8.19578,115.29044,1334.308,229.95386
-8.20541,115.25517,1191.342,214.58090
-8.24170,115.24306,1225.020,210.54620
-8.28786,115.23950,964.395,177.17320
-8.46609,115.24807,319.151,115.55433
-8.42210,115.24431,445.702,137.52224
-8.38203,115.26466,624.959,149.11745
-8.32139,115.29565,954.248,174.57787
-8.29021,115.33088,1153.556,205.61621
-8.32722,115.34402,998.198,189.52935
-8.37643,115.34473,772.096,168.91168
-8.38068,115.29990,651.073,150.08030
-8.38557,115.38142,733.081,182.53503
-8.31852,115.38993,1133.583,219.42762
-8.26132,115.16363,1273.296,205.18532
-8.28385,115.36501,1335.452,231.86602
-8.28402,115.36470,1339.012,295.13911
-8.28189,115.16126,1279.225,196.97175
-8.24258,115.15023,1235.529,199.33122
-8.23758,115.11781,1366.375,197.74980
-8.24027,115.07398,1237.543,186.64162
-8.25996,115.35154,1089.516,348.30239
-8.20857,115.37525,1294.446,302.51999
-8.22990,115.40904,1049.092,296.07657
-8.19320,115.43730,359.630,225.72278
-8.17070,115.02148,10.105,53.64146
-8.12698,115.19229,239.818,83.21440
-8.15163,115.16189,255.439,88.20213
-8.08914,115.12815,11.454,38.97075
-8.15416,115.11037,204.294,75.80454
-8.20090,115.14197,754.016,149.79356
-8.41974,115.12065,432.118,142.96314
-8.36612,115.12557,738.115,183.25544
-8.42206,115.07378,521.904,149.98802
-8.39714,115.06795,653.361,166.10920
-8.42919,115.02947,418.138,143.65034
-8.39453,115.03641,584.000,159.90597
-8.34948,115.03366,821.233,188.69344
-8.30515,114.98320,560.871,183.54583
-8.32092,114.93574,766.208,203.32707
-8.42269,114.91678,466.735,155.99670
-8.38459,114.94139,662.886,173.59355
-8.42422,114.97585,504.594,154.79635
-8.46886,114.98291,357.115,142.28009
-8.47057,114.92367,5.218,113.32611
